{
  "project_info": {
    "project_number": "867418835665",
    "firebase_url": "https://ses1a-86772.firebaseio.com",
    "project_id": "ses1a-86772",
    "storage_bucket": "ses1a-86772.appspot.com"
  },
  "client": [
    {
      "client_info": {
        "mobilesdk_app_id": "1:867418835665:android:6095ea2b2343d416f9d3f0",
        "android_client_info": {
          "package_name": "com.example.e_healthcare"
        }
      },
      "oauth_client": [
        {
          "client_id": "867418835665-i8el6nmpc19419e71ql7o9qu7i39i3si.apps.googleusercontent.com",
          "client_type": 1,
          "android_info": {
            "package_name": "com.example.e_healthcare",
            "certificate_hash": "c4187747fa483b8c9592029fb3e95221a50201ef"
          }
        },
        {
          "client_id": "867418835665-5i68nreh85d8hal5eja7qccnnsf27tig.apps.googleusercontent.com",
          "client_type": 3
        }
      ],
      "api_key": [
        {
          "current_key": "AIzaSyCelGTPCGpCiXVvMl9vJI9HER0gJTk74ls"
        }
      ],
      "services": {
        "appinvite_service": {
          "other_platform_oauth_client": [
            {
              "client_id": "867418835665-5i68nreh85d8hal5eja7qccnnsf27tig.apps.googleusercontent.com",
              "client_type": 3
            }
          ]
        }
      }
    },
    {
      "client_info": {
        "mobilesdk_app_id": "1:867418835665:android:3a076b8f8b0bfcc7f9d3f0",
        "android_client_info": {
          "package_name": "com.example.ses"
        }
      },
      "oauth_client": [
        {
          "client_id": "867418835665-bdrnumui3kqrnvuk6pc8um692kce71t2.apps.googleusercontent.com",
          "client_type": 1,
          "android_info": {
            "package_name": "com.example.ses",
            "certificate_hash": "c4187747fa483b8c9592029fb3e95221a50201ef"
          }
        },
        {
          "client_id": "867418835665-5i68nreh85d8hal5eja7qccnnsf27tig.apps.googleusercontent.com",
          "client_type": 3
        }
      ],
      "api_key": [
        {
          "current_key": "AIzaSyCelGTPCGpCiXVvMl9vJI9HER0gJTk74ls"
        }
      ],
      "services": {
        "appinvite_service": {
          "other_platform_oauth_client": [
            {
              "client_id": "867418835665-5i68nreh85d8hal5eja7qccnnsf27tig.apps.googleusercontent.com",
              "client_type": 3
            }
          ]
        }
      }
    }
  ],
  "configuration_version": "1"
}