[
    {
        "merged": "/Users/marcnguyen/Downloads/SES3/app/build/intermediates/res/merged/debug/drawable-hdpi_ic_menu_add.png.flat",
        "source": "/Users/marcnguyen/Downloads/SES3/app/build/generated/res/pngs/debug/drawable-hdpi/ic_menu_add.png"
    },
    {
        "merged": "/Users/marcnguyen/Downloads/SES3/app/build/intermediates/res/merged/debug/menu_main.xml.flat",
        "source": "/Users/marcnguyen/Downloads/SES3/app/src/main/res/menu/main.xml"
    },
    {
        "merged": "/Users/marcnguyen/Downloads/SES3/app/build/intermediates/res/merged/debug/drawable_online.png.flat",
        "source": "/Users/marcnguyen/Downloads/SES3/app/src/main/res/drawable/online.png"
    },
    {
        "merged": "/Users/marcnguyen/Downloads/SES3/app/build/intermediates/res/merged/debug/mipmap-xxxhdpi_ic_launcher_round.png.flat",
        "source": "/Users/marcnguyen/Downloads/SES3/app/src/main/res/mipmap-xxxhdpi/ic_launcher_round.png"
    },
    {
        "merged": "/Users/marcnguyen/Downloads/SES3/app/build/intermediates/res/merged/debug/layout_fragment_home.xml.flat",
        "source": "/Users/marcnguyen/Downloads/SES3/app/src/main/res/layout/fragment_home.xml"
    },
    {
        "merged": "/Users/marcnguyen/Downloads/SES3/app/build/intermediates/res/merged/debug/layout_fragment_contacts.xml.flat",
        "source": "/Users/marcnguyen/Downloads/SES3/app/src/main/res/layout/fragment_contacts.xml"
    },
    {
        "merged": "/Users/marcnguyen/Downloads/SES3/app/build/intermediates/res/merged/debug/drawable-xhdpi_ic_menu_add.png.flat",
        "source": "/Users/marcnguyen/Downloads/SES3/app/build/generated/res/pngs/debug/drawable-xhdpi/ic_menu_add.png"
    },
    {
        "merged": "/Users/marcnguyen/Downloads/SES3/app/build/intermediates/res/merged/debug/layout_request_appointment.xml.flat",
        "source": "/Users/marcnguyen/Downloads/SES3/app/src/main/res/layout/request_appointment.xml"
    },
    {
        "merged": "/Users/marcnguyen/Downloads/SES3/app/build/intermediates/res/merged/debug/menu_activity_main_drawer.xml.flat",
        "source": "/Users/marcnguyen/Downloads/SES3/app/src/main/res/menu/activity_main_drawer.xml"
    },
    {
        "merged": "/Users/marcnguyen/Downloads/SES3/app/build/intermediates/res/merged/debug/mipmap-mdpi_ic_launcher_round.png.flat",
        "source": "/Users/marcnguyen/Downloads/SES3/app/src/main/res/mipmap-mdpi/ic_launcher_round.png"
    },
    {
        "merged": "/Users/marcnguyen/Downloads/SES3/app/build/intermediates/res/merged/debug/drawable-mdpi_ic_launcher_background.png.flat",
        "source": "/Users/marcnguyen/Downloads/SES3/app/build/generated/res/pngs/debug/drawable-mdpi/ic_launcher_background.png"
    },
    {
        "merged": "/Users/marcnguyen/Downloads/SES3/app/build/intermediates/res/merged/debug/drawable-v21_ic_menu_gallery.xml.flat",
        "source": "/Users/marcnguyen/Downloads/SES3/app/src/main/res/drawable-v21/ic_menu_gallery.xml"
    },
    {
        "merged": "/Users/marcnguyen/Downloads/SES3/app/build/intermediates/res/merged/debug/layout_content_main.xml.flat",
        "source": "/Users/marcnguyen/Downloads/SES3/app/src/main/res/layout/content_main.xml"
    },
    {
        "merged": "/Users/marcnguyen/Downloads/SES3/app/build/intermediates/res/merged/debug/drawable-v21_ic_menu_slideshow.xml.flat",
        "source": "/Users/marcnguyen/Downloads/SES3/app/src/main/res/drawable-v21/ic_menu_slideshow.xml"
    },
    {
        "merged": "/Users/marcnguyen/Downloads/SES3/app/build/intermediates/res/merged/debug/layout_email_send.xml.flat",
        "source": "/Users/marcnguyen/Downloads/SES3/app/src/main/res/layout/email_send.xml"
    },
    {
        "merged": "/Users/marcnguyen/Downloads/SES3/app/build/intermediates/res/merged/debug/drawable-ldpi_ic_menu_add.png.flat",
        "source": "/Users/marcnguyen/Downloads/SES3/app/build/generated/res/pngs/debug/drawable-ldpi/ic_menu_add.png"
    },
    {
        "merged": "/Users/marcnguyen/Downloads/SES3/app/build/intermediates/res/merged/debug/mipmap-mdpi_ic_launcher.png.flat",
        "source": "/Users/marcnguyen/Downloads/SES3/app/src/main/res/mipmap-mdpi/ic_launcher.png"
    },
    {
        "merged": "/Users/marcnguyen/Downloads/SES3/app/build/intermediates/res/merged/debug/drawable-v24_ic_launcher_foreground.xml.flat",
        "source": "/Users/marcnguyen/Downloads/SES3/app/src/main/res/drawable-v24/ic_launcher_foreground.xml"
    },
    {
        "merged": "/Users/marcnguyen/Downloads/SES3/app/build/intermediates/res/merged/debug/drawable-xxxhdpi_ic_menu_add.png.flat",
        "source": "/Users/marcnguyen/Downloads/SES3/app/build/generated/res/pngs/debug/drawable-xxxhdpi/ic_menu_add.png"
    },
    {
        "merged": "/Users/marcnguyen/Downloads/SES3/app/build/intermediates/res/merged/debug/drawable-xxhdpi_ic_menu_add.png.flat",
        "source": "/Users/marcnguyen/Downloads/SES3/app/build/generated/res/pngs/debug/drawable-xxhdpi/ic_menu_add.png"
    },
    {
        "merged": "/Users/marcnguyen/Downloads/SES3/app/build/intermediates/res/merged/debug/drawable-v21_ic_menu_camera.xml.flat",
        "source": "/Users/marcnguyen/Downloads/SES3/app/src/main/res/drawable-v21/ic_menu_camera.xml"
    },
    {
        "merged": "/Users/marcnguyen/Downloads/SES3/app/build/intermediates/res/merged/debug/mipmap-anydpi-v26_ic_launcher.xml.flat",
        "source": "/Users/marcnguyen/Downloads/SES3/app/src/main/res/mipmap-anydpi-v26/ic_launcher.xml"
    },
    {
        "merged": "/Users/marcnguyen/Downloads/SES3/app/build/intermediates/res/merged/debug/mipmap-hdpi_ic_launcher.png.flat",
        "source": "/Users/marcnguyen/Downloads/SES3/app/src/main/res/mipmap-hdpi/ic_launcher.png"
    },
    {
        "merged": "/Users/marcnguyen/Downloads/SES3/app/build/intermediates/res/merged/debug/drawable-anydpi-v21_ic_launcher_background.xml.flat",
        "source": "/Users/marcnguyen/Downloads/SES3/app/build/generated/res/pngs/debug/drawable-anydpi-v21/ic_launcher_background.xml"
    },
    {
        "merged": "/Users/marcnguyen/Downloads/SES3/app/build/intermediates/res/merged/debug/mipmap-xhdpi_ic_launcher.png.flat",
        "source": "/Users/marcnguyen/Downloads/SES3/app/src/main/res/mipmap-xhdpi/ic_launcher.png"
    },
    {
        "merged": "/Users/marcnguyen/Downloads/SES3/app/build/intermediates/res/merged/debug/drawable-anydpi-v21_ic_menu_add.xml.flat",
        "source": "/Users/marcnguyen/Downloads/SES3/app/build/generated/res/pngs/debug/drawable-anydpi-v21/ic_menu_add.xml"
    },
    {
        "merged": "/Users/marcnguyen/Downloads/SES3/app/build/intermediates/res/merged/debug/drawable-mdpi_ic_menu_add.png.flat",
        "source": "/Users/marcnguyen/Downloads/SES3/app/build/generated/res/pngs/debug/drawable-mdpi/ic_menu_add.png"
    },
    {
        "merged": "/Users/marcnguyen/Downloads/SES3/app/build/intermediates/res/merged/debug/layout_patient_request_item.xml.flat",
        "source": "/Users/marcnguyen/Downloads/SES3/app/src/main/res/layout/patient_request_item.xml"
    },
    {
        "merged": "/Users/marcnguyen/Downloads/SES3/app/build/intermediates/res/merged/debug/layout_doctor_profile.xml.flat",
        "source": "/Users/marcnguyen/Downloads/SES3/app/src/main/res/layout/doctor_profile.xml"
    },
    {
        "merged": "/Users/marcnguyen/Downloads/SES3/app/build/intermediates/res/merged/debug/layout_patient_request.xml.flat",
        "source": "/Users/marcnguyen/Downloads/SES3/app/src/main/res/layout/patient_request.xml"
    },
    {
        "merged": "/Users/marcnguyen/Downloads/SES3/app/build/intermediates/res/merged/debug/navigation_mobile_navigation.xml.flat",
        "source": "/Users/marcnguyen/Downloads/SES3/app/src/main/res/navigation/mobile_navigation.xml"
    },
    {
        "merged": "/Users/marcnguyen/Downloads/SES3/app/build/intermediates/res/merged/debug/layout_doctor_request_item.xml.flat",
        "source": "/Users/marcnguyen/Downloads/SES3/app/src/main/res/layout/doctor_request_item.xml"
    },
    {
        "merged": "/Users/marcnguyen/Downloads/SES3/app/build/intermediates/res/merged/debug/drawable-xxhdpi_ic_launcher_background.png.flat",
        "source": "/Users/marcnguyen/Downloads/SES3/app/build/generated/res/pngs/debug/drawable-xxhdpi/ic_launcher_background.png"
    },
    {
        "merged": "/Users/marcnguyen/Downloads/SES3/app/build/intermediates/res/merged/debug/drawable-v24_logo_icon.png.flat",
        "source": "/Users/marcnguyen/Downloads/SES3/app/src/main/res/drawable-v24/logo_icon.png"
    },
    {
        "merged": "/Users/marcnguyen/Downloads/SES3/app/build/intermediates/res/merged/debug/layout_app_bar_layout.xml.flat",
        "source": "/Users/marcnguyen/Downloads/SES3/app/src/main/res/layout/app_bar_layout.xml"
    },
    {
        "merged": "/Users/marcnguyen/Downloads/SES3/app/build/intermediates/res/merged/debug/layout_users_display_layout.xml.flat",
        "source": "/Users/marcnguyen/Downloads/SES3/app/src/main/res/layout/users_display_layout.xml"
    },
    {
        "merged": "/Users/marcnguyen/Downloads/SES3/app/build/intermediates/res/merged/debug/layout_activity_register.xml.flat",
        "source": "/Users/marcnguyen/Downloads/SES3/app/src/main/res/layout/activity_register.xml"
    },
    {
        "merged": "/Users/marcnguyen/Downloads/SES3/app/build/intermediates/res/merged/debug/layout_activity_main.xml.flat",
        "source": "/Users/marcnguyen/Downloads/SES3/app/src/main/res/layout/activity_main.xml"
    },
    {
        "merged": "/Users/marcnguyen/Downloads/SES3/app/build/intermediates/res/merged/debug/drawable-v24_ic_email_black_24dp.xml.flat",
        "source": "/Users/marcnguyen/Downloads/SES3/app/src/main/res/drawable-v24/ic_email_black_24dp.xml"
    },
    {
        "merged": "/Users/marcnguyen/Downloads/SES3/app/build/intermediates/res/merged/debug/drawable-ldpi_ic_launcher_background.png.flat",
        "source": "/Users/marcnguyen/Downloads/SES3/app/build/generated/res/pngs/debug/drawable-ldpi/ic_launcher_background.png"
    },
    {
        "merged": "/Users/marcnguyen/Downloads/SES3/app/build/intermediates/res/merged/debug/layout_patient_profile.xml.flat",
        "source": "/Users/marcnguyen/Downloads/SES3/app/src/main/res/layout/patient_profile.xml"
    },
    {
        "merged": "/Users/marcnguyen/Downloads/SES3/app/build/intermediates/res/merged/debug/layout_doctor_busy.xml.flat",
        "source": "/Users/marcnguyen/Downloads/SES3/app/src/main/res/layout/doctor_busy.xml"
    },
    {
        "merged": "/Users/marcnguyen/Downloads/SES3/app/build/intermediates/res/merged/debug/mipmap-xhdpi_ic_launcher_round.png.flat",
        "source": "/Users/marcnguyen/Downloads/SES3/app/src/main/res/mipmap-xhdpi/ic_launcher_round.png"
    },
    {
        "merged": "/Users/marcnguyen/Downloads/SES3/app/build/intermediates/res/merged/debug/layout_doctor_request.xml.flat",
        "source": "/Users/marcnguyen/Downloads/SES3/app/src/main/res/layout/doctor_request.xml"
    },
    {
        "merged": "/Users/marcnguyen/Downloads/SES3/app/build/intermediates/res/merged/debug/drawable-xhdpi_ic_launcher_background.png.flat",
        "source": "/Users/marcnguyen/Downloads/SES3/app/build/generated/res/pngs/debug/drawable-xhdpi/ic_launcher_background.png"
    },
    {
        "merged": "/Users/marcnguyen/Downloads/SES3/app/build/intermediates/res/merged/debug/drawable-hdpi_ic_launcher_background.png.flat",
        "source": "/Users/marcnguyen/Downloads/SES3/app/build/generated/res/pngs/debug/drawable-hdpi/ic_launcher_background.png"
    },
    {
        "merged": "/Users/marcnguyen/Downloads/SES3/app/build/intermediates/res/merged/debug/drawable-v24_ic_lock_black_24dp.xml.flat",
        "source": "/Users/marcnguyen/Downloads/SES3/app/src/main/res/drawable-v24/ic_lock_black_24dp.xml"
    },
    {
        "merged": "/Users/marcnguyen/Downloads/SES3/app/build/intermediates/res/merged/debug/mipmap-hdpi_ic_launcher_round.png.flat",
        "source": "/Users/marcnguyen/Downloads/SES3/app/src/main/res/mipmap-hdpi/ic_launcher_round.png"
    },
    {
        "merged": "/Users/marcnguyen/Downloads/SES3/app/build/intermediates/res/merged/debug/layout_activity_login.xml.flat",
        "source": "/Users/marcnguyen/Downloads/SES3/app/src/main/res/layout/activity_login.xml"
    },
    {
        "merged": "/Users/marcnguyen/Downloads/SES3/app/build/intermediates/res/merged/debug/mipmap-xxxhdpi_ic_launcher.png.flat",
        "source": "/Users/marcnguyen/Downloads/SES3/app/src/main/res/mipmap-xxxhdpi/ic_launcher.png"
    },
    {
        "merged": "/Users/marcnguyen/Downloads/SES3/app/build/intermediates/res/merged/debug/layout_fragment_chats.xml.flat",
        "source": "/Users/marcnguyen/Downloads/SES3/app/src/main/res/layout/fragment_chats.xml"
    },
    {
        "merged": "/Users/marcnguyen/Downloads/SES3/app/build/intermediates/res/merged/debug/drawable-xxxhdpi_ic_launcher_background.png.flat",
        "source": "/Users/marcnguyen/Downloads/SES3/app/build/generated/res/pngs/debug/drawable-xxxhdpi/ic_launcher_background.png"
    },
    {
        "merged": "/Users/marcnguyen/Downloads/SES3/app/build/intermediates/res/merged/debug/layout_activity_profile.xml.flat",
        "source": "/Users/marcnguyen/Downloads/SES3/app/src/main/res/layout/activity_profile.xml"
    },
    {
        "merged": "/Users/marcnguyen/Downloads/SES3/app/build/intermediates/res/merged/debug/layout_nav_header_main.xml.flat",
        "source": "/Users/marcnguyen/Downloads/SES3/app/src/main/res/layout/nav_header_main.xml"
    },
    {
        "merged": "/Users/marcnguyen/Downloads/SES3/app/build/intermediates/res/merged/debug/drawable_side_nav_bar.xml.flat",
        "source": "/Users/marcnguyen/Downloads/SES3/app/src/main/res/drawable/side_nav_bar.xml"
    },
    {
        "merged": "/Users/marcnguyen/Downloads/SES3/app/build/intermediates/res/merged/debug/mipmap-anydpi-v26_ic_launcher_round.xml.flat",
        "source": "/Users/marcnguyen/Downloads/SES3/app/src/main/res/mipmap-anydpi-v26/ic_launcher_round.xml"
    },
    {
        "merged": "/Users/marcnguyen/Downloads/SES3/app/build/intermediates/res/merged/debug/layout_activity_find_contacts.xml.flat",
        "source": "/Users/marcnguyen/Downloads/SES3/app/src/main/res/layout/activity_find_contacts.xml"
    },
    {
        "merged": "/Users/marcnguyen/Downloads/SES3/app/build/intermediates/res/merged/debug/mipmap-xxhdpi_ic_launcher_round.png.flat",
        "source": "/Users/marcnguyen/Downloads/SES3/app/src/main/res/mipmap-xxhdpi/ic_launcher_round.png"
    },
    {
        "merged": "/Users/marcnguyen/Downloads/SES3/app/build/intermediates/res/merged/debug/layout_app_bar_main.xml.flat",
        "source": "/Users/marcnguyen/Downloads/SES3/app/src/main/res/layout/app_bar_main.xml"
    },
    {
        "merged": "/Users/marcnguyen/Downloads/SES3/app/build/intermediates/res/merged/debug/mipmap-xxhdpi_ic_launcher.png.flat",
        "source": "/Users/marcnguyen/Downloads/SES3/app/src/main/res/mipmap-xxhdpi/ic_launcher.png"
    }
]