{
    "logs": [
        {
            "outputFile": "/Users/marcnguyen/Downloads/SES3/app/build/intermediates/incremental/mergeDebugResources/merged.dir/values-v25/values-v25.xml",
            "map": [
                {
                    "source": "/Users/marcnguyen/.gradle/caches/transforms-2/files-2.1/6c5a1a33c151bf1b1b969a4997bc8337/appcompat-1.1.0/res/values-v25/values-v25.xml",
                    "from": {
                        "startLines": "2,3,4,6",
                        "startColumns": "4,4,4,4",
                        "startOffsets": "55,126,209,308",
                        "endLines": "2,3,5,7",
                        "endColumns": "70,82,12,12",
                        "endOffsets": "121,204,303,414"
                    }
                }
            ]
        }
    ]
}