{
    "logs": [
        {
            "outputFile": "/Users/marcnguyen/Downloads/SES3/app/build/intermediates/incremental/mergeDebugResources/merged.dir/values-kn/values-kn.xml",
            "map": [
                {
                    "source": "/Users/marcnguyen/.gradle/caches/transforms-2/files-2.1/dc1096d7f866fa71b43709b75f47427d/navigation-ui-2.2.2/res/values-kn/values-kn.xml",
                    "from": {
                        "startLines": "2,3",
                        "startColumns": "4,4",
                        "startOffsets": "55,173",
                        "endColumns": "117,128",
                        "endOffsets": "168,297"
                    },
                    "to": {
                        "startLines": "47,48",
                        "startColumns": "4,4",
                        "startOffsets": "5579,5697",
                        "endColumns": "117,128",
                        "endOffsets": "5692,5821"
                    }
                },
                {
                    "source": "/Users/marcnguyen/.gradle/caches/transforms-2/files-2.1/164bb505b81f338baa0db13edd04c1d1/jetified-play-services-basement-17.0.0/res/values-kn/values.xml",
                    "from": {
                        "startLines": "4",
                        "startColumns": "0",
                        "startOffsets": "247",
                        "endColumns": "204",
                        "endOffsets": "451"
                    },
                    "to": {
                        "startLines": "37",
                        "startColumns": "4",
                        "startOffsets": "4025",
                        "endColumns": "204",
                        "endOffsets": "4225"
                    }
                },
                {
                    "source": "/Users/marcnguyen/.gradle/caches/transforms-2/files-2.1/6c5a1a33c151bf1b1b969a4997bc8337/appcompat-1.1.0/res/values-kn/values-kn.xml",
                    "from": {
                        "startLines": "2,3,4,5,6,7,8,9,10,11,12,13,14,15,16,17,18,19,20,21,22,23,24,25,26,27,28,29",
                        "startColumns": "4,4,4,4,4,4,4,4,4,4,4,4,4,4,4,4,4,4,4,4,4,4,4,4,4,4,4,4",
                        "startOffsets": "105,219,331,444,532,639,765,843,920,1011,1103,1198,1292,1393,1486,1581,1675,1766,1857,1938,2054,2164,2263,2376,2481,2595,2759,2859",
                        "endColumns": "113,111,112,87,106,125,77,76,90,91,94,93,100,92,94,93,90,90,80,115,109,98,112,104,113,163,99,81",
                        "endOffsets": "214,326,439,527,634,760,838,915,1006,1098,1193,1287,1388,1481,1576,1670,1761,1852,1933,2049,2159,2258,2371,2476,2590,2754,2854,2936"
                    },
                    "to": {
                        "startLines": "2,3,4,5,6,7,8,9,10,11,12,13,14,15,16,17,18,19,20,21,22,23,24,25,26,27,28,49",
                        "startColumns": "4,4,4,4,4,4,4,4,4,4,4,4,4,4,4,4,4,4,4,4,4,4,4,4,4,4,4,4",
                        "startOffsets": "105,219,331,444,532,639,765,843,920,1011,1103,1198,1292,1393,1486,1581,1675,1766,1857,1938,2054,2164,2263,2376,2481,2595,2759,5826",
                        "endColumns": "113,111,112,87,106,125,77,76,90,91,94,93,100,92,94,93,90,90,80,115,109,98,112,104,113,163,99,81",
                        "endOffsets": "214,326,439,527,634,760,838,915,1006,1098,1193,1287,1388,1481,1576,1670,1761,1852,1933,2049,2159,2258,2371,2476,2590,2754,2854,5903"
                    }
                },
                {
                    "source": "/Users/marcnguyen/.gradle/caches/transforms-2/files-2.1/75e7c473eccef2b3a0eec97fa3a7825b/jetified-play-services-base-17.1.0/res/values-kn/values.xml",
                    "from": {
                        "startLines": "4,5,6,7,8,9,10,11,12,13,14,15,16,17,18,19,20",
                        "startColumns": "0,0,0,0,0,0,0,0,0,0,0,0,0,0,0,0,0",
                        "startOffsets": "245,354,556,687,800,1002,1129,1263,1387,1596,1707,1898,2031,2235,2418,2513,2602",
                        "endColumns": "108,201,130,112,201,126,133,123,208,110,190,132,203,182,94,88,109",
                        "endOffsets": "353,555,686,799,1001,1128,1262,1386,1595,1706,1897,2030,2234,2417,2512,2601,2711"
                    },
                    "to": {
                        "startLines": "29,30,31,32,33,34,35,36,38,39,40,41,42,43,44,45,46",
                        "startColumns": "4,4,4,4,4,4,4,4,4,4,4,4,4,4,4,4,4",
                        "startOffsets": "2859,2972,3174,3309,3426,3628,3759,3897,4230,4439,4554,4745,4882,5086,5273,5372,5465",
                        "endColumns": "112,201,134,116,201,130,137,127,208,114,190,136,203,186,98,92,113",
                        "endOffsets": "2967,3169,3304,3421,3623,3754,3892,4020,4434,4549,4740,4877,5081,5268,5367,5460,5574"
                    }
                },
                {
                    "source": "/Users/marcnguyen/.gradle/caches/transforms-2/files-2.1/bcfc0b80df78591183083cc148e1cf2c/core-1.1.0/res/values-kn/values-kn.xml",
                    "from": {
                        "startLines": "2",
                        "startColumns": "4",
                        "startOffsets": "55",
                        "endColumns": "100",
                        "endOffsets": "151"
                    },
                    "to": {
                        "startLines": "50",
                        "startColumns": "4",
                        "startOffsets": "5908",
                        "endColumns": "100",
                        "endOffsets": "6004"
                    }
                }
            ]
        }
    ]
}