{
    "logs": [
        {
            "outputFile": "/Users/marcnguyen/Downloads/SES3/app/build/intermediates/incremental/mergeDebugResources/merged.dir/values-zh-rTW/values-zh-rTW.xml",
            "map": [
                {
                    "source": "/Users/marcnguyen/.gradle/caches/transforms-2/files-2.1/bcfc0b80df78591183083cc148e1cf2c/core-1.1.0/res/values-zh-rTW/values-zh-rTW.xml",
                    "from": {
                        "startLines": "2",
                        "startColumns": "4",
                        "startOffsets": "55",
                        "endColumns": "100",
                        "endOffsets": "151"
                    },
                    "to": {
                        "startLines": "59",
                        "startColumns": "4",
                        "startOffsets": "5801",
                        "endColumns": "100",
                        "endOffsets": "5897"
                    }
                },
                {
                    "source": "/Users/marcnguyen/.gradle/caches/transforms-2/files-2.1/75e7c473eccef2b3a0eec97fa3a7825b/jetified-play-services-base-17.1.0/res/values-zh-rTW/values.xml",
                    "from": {
                        "startLines": "4,5,6,7,8,9,10,11,12,13,14,15,16,17,18,19,20",
                        "startColumns": "0,0,0,0,0,0,0,0,0,0,0,0,0,0,0,0,0",
                        "startOffsets": "249,348,508,621,721,887,1001,1127,1247,1416,1515,1675,1788,1949,2083,2165,2248",
                        "endColumns": "98,159,112,99,165,113,125,119,168,98,159,112,160,133,81,82,98",
                        "endOffsets": "347,507,620,720,886,1000,1126,1246,1415,1514,1674,1787,1948,2082,2164,2247,2346"
                    },
                    "to": {
                        "startLines": "29,30,31,32,33,34,35,36,38,39,40,41,42,43,44,45,46",
                        "startColumns": "4,4,4,4,4,4,4,4,4,4,4,4,4,4,4,4,4",
                        "startOffsets": "2671,2774,2934,3051,3155,3321,3439,3569,3855,4024,4127,4287,4404,4565,4703,4789,4876",
                        "endColumns": "102,159,116,103,165,117,129,123,168,102,159,116,160,137,85,86,102",
                        "endOffsets": "2769,2929,3046,3150,3316,3434,3564,3688,4019,4122,4282,4399,4560,4698,4784,4871,4974"
                    }
                },
                {
                    "source": "/Users/marcnguyen/.gradle/caches/transforms-2/files-2.1/164bb505b81f338baa0db13edd04c1d1/jetified-play-services-basement-17.0.0/res/values-zh-rTW/values.xml",
                    "from": {
                        "startLines": "4",
                        "startColumns": "0",
                        "startOffsets": "251",
                        "endColumns": "161",
                        "endOffsets": "412"
                    },
                    "to": {
                        "startLines": "37",
                        "startColumns": "4",
                        "startOffsets": "3693",
                        "endColumns": "161",
                        "endOffsets": "3850"
                    }
                },
                {
                    "source": "/Users/marcnguyen/.gradle/caches/transforms-2/files-2.1/dc1096d7f866fa71b43709b75f47427d/navigation-ui-2.2.2/res/values-zh-rTW/values-zh-rTW.xml",
                    "from": {
                        "startLines": "2,3",
                        "startColumns": "4,4",
                        "startOffsets": "55,154",
                        "endColumns": "98,99",
                        "endOffsets": "149,249"
                    },
                    "to": {
                        "startLines": "55,56",
                        "startColumns": "4,4",
                        "startOffsets": "5459,5558",
                        "endColumns": "98,99",
                        "endOffsets": "5553,5653"
                    }
                },
                {
                    "source": "/Users/marcnguyen/.gradle/caches/transforms-2/files-2.1/6c5a1a33c151bf1b1b969a4997bc8337/appcompat-1.1.0/res/values-zh-rTW/values-zh-rTW.xml",
                    "from": {
                        "startLines": "2,3,4,5,6,7,8,9,10,11,12,13,14,15,16,17,18,19,20,21,22,23,24,25,26,27,28,29",
                        "startColumns": "4,4,4,4,4,4,4,4,4,4,4,4,4,4,4,4,4,4,4,4,4,4,4,4,4,4,4,4",
                        "startOffsets": "105,200,293,393,475,572,680,757,833,925,1018,1115,1211,1307,1401,1497,1589,1681,1773,1850,1946,2041,2136,2233,2329,2427,2577,2671",
                        "endColumns": "94,92,99,81,96,107,76,75,91,92,96,95,95,93,95,91,91,91,76,95,94,94,96,95,97,149,93,77",
                        "endOffsets": "195,288,388,470,567,675,752,828,920,1013,1110,1206,1302,1396,1492,1584,1676,1768,1845,1941,2036,2131,2228,2324,2422,2572,2666,2744"
                    },
                    "to": {
                        "startLines": "2,3,4,5,6,7,8,9,10,11,12,13,14,15,16,17,18,19,20,21,22,23,24,25,26,27,28,58",
                        "startColumns": "4,4,4,4,4,4,4,4,4,4,4,4,4,4,4,4,4,4,4,4,4,4,4,4,4,4,4,4",
                        "startOffsets": "105,200,293,393,475,572,680,757,833,925,1018,1115,1211,1307,1401,1497,1589,1681,1773,1850,1946,2041,2136,2233,2329,2427,2577,5723",
                        "endColumns": "94,92,99,81,96,107,76,75,91,92,96,95,95,93,95,91,91,91,76,95,94,94,96,95,97,149,93,77",
                        "endOffsets": "195,288,388,470,567,675,752,828,920,1013,1110,1206,1302,1396,1492,1584,1676,1768,1845,1941,2036,2131,2228,2324,2422,2572,2666,5796"
                    }
                },
                {
                    "source": "/Users/marcnguyen/.gradle/caches/transforms-2/files-2.1/c10a25150d21e57e35afe38f90f6ccd9/jetified-android-image-cropper-2.8.0/res/values-zh-rTW/values-zh-rTW.xml",
                    "from": {
                        "startLines": "2,3,4,5,6,7,8,9,10",
                        "startColumns": "4,4,4,4,4,4,4,4,4",
                        "startOffsets": "55,130,177,229,281,348,413,475,535",
                        "endColumns": "74,46,51,51,66,64,61,59,64",
                        "endOffsets": "125,172,224,276,343,408,470,530,595"
                    },
                    "to": {
                        "startLines": "47,48,49,50,51,52,53,54,57",
                        "startColumns": "4,4,4,4,4,4,4,4,4",
                        "startOffsets": "4979,5054,5101,5153,5205,5272,5337,5399,5658",
                        "endColumns": "74,46,51,51,66,64,61,59,64",
                        "endOffsets": "5049,5096,5148,5200,5267,5332,5394,5454,5718"
                    }
                }
            ]
        }
    ]
}