{
    "logs": [
        {
            "outputFile": "/Users/marcnguyen/Downloads/SES3/app/build/intermediates/incremental/mergeDebugResources/merged.dir/values-sr/values-sr.xml",
            "map": [
                {
                    "source": "/Users/marcnguyen/.gradle/caches/transforms-2/files-2.1/dc1096d7f866fa71b43709b75f47427d/navigation-ui-2.2.2/res/values-sr/values-sr.xml",
                    "from": {
                        "startLines": "2,3",
                        "startColumns": "4,4",
                        "startOffsets": "55,162",
                        "endColumns": "106,122",
                        "endOffsets": "157,280"
                    },
                    "to": {
                        "startLines": "47,48",
                        "startColumns": "4,4",
                        "startOffsets": "5492,5599",
                        "endColumns": "106,122",
                        "endOffsets": "5594,5717"
                    }
                },
                {
                    "source": "/Users/marcnguyen/.gradle/caches/transforms-2/files-2.1/6c5a1a33c151bf1b1b969a4997bc8337/appcompat-1.1.0/res/values-sr/values-sr.xml",
                    "from": {
                        "startLines": "2,3,4,5,6,7,8,9,10,11,12,13,14,15,16,17,18,19,20,21,22,23,24,25,26,27,28,29",
                        "startColumns": "4,4,4,4,4,4,4,4,4,4,4,4,4,4,4,4,4,4,4,4,4,4,4,4,4,4,4,4",
                        "startOffsets": "105,212,313,419,505,609,731,815,897,988,1080,1175,1269,1370,1463,1558,1663,1754,1845,1930,2035,2141,2244,2350,2459,2566,2736,2833",
                        "endColumns": "106,100,105,85,103,121,83,81,90,91,94,93,100,92,94,104,90,90,84,104,105,102,105,108,106,169,96,85",
                        "endOffsets": "207,308,414,500,604,726,810,892,983,1075,1170,1264,1365,1458,1553,1658,1749,1840,1925,2030,2136,2239,2345,2454,2561,2731,2828,2914"
                    },
                    "to": {
                        "startLines": "2,3,4,5,6,7,8,9,10,11,12,13,14,15,16,17,18,19,20,21,22,23,24,25,26,27,28,49",
                        "startColumns": "4,4,4,4,4,4,4,4,4,4,4,4,4,4,4,4,4,4,4,4,4,4,4,4,4,4,4,4",
                        "startOffsets": "105,212,313,419,505,609,731,815,897,988,1080,1175,1269,1370,1463,1558,1663,1754,1845,1930,2035,2141,2244,2350,2459,2566,2736,5722",
                        "endColumns": "106,100,105,85,103,121,83,81,90,91,94,93,100,92,94,104,90,90,84,104,105,102,105,108,106,169,96,85",
                        "endOffsets": "207,308,414,500,604,726,810,892,983,1075,1170,1264,1365,1458,1553,1658,1749,1840,1925,2030,2136,2239,2345,2454,2561,2731,2828,5803"
                    }
                },
                {
                    "source": "/Users/marcnguyen/.gradle/caches/transforms-2/files-2.1/164bb505b81f338baa0db13edd04c1d1/jetified-play-services-basement-17.0.0/res/values-sr/values.xml",
                    "from": {
                        "startLines": "4",
                        "startColumns": "0",
                        "startOffsets": "247",
                        "endColumns": "188",
                        "endOffsets": "435"
                    },
                    "to": {
                        "startLines": "37",
                        "startColumns": "4",
                        "startOffsets": "3984",
                        "endColumns": "188",
                        "endOffsets": "4168"
                    }
                },
                {
                    "source": "/Users/marcnguyen/.gradle/caches/transforms-2/files-2.1/75e7c473eccef2b3a0eec97fa3a7825b/jetified-play-services-base-17.1.0/res/values-sr/values.xml",
                    "from": {
                        "startLines": "4,5,6,7,8,9,10,11,12,13,14,15,16,17,18,19,20",
                        "startColumns": "0,0,0,0,0,0,0,0,0,0,0,0,0,0,0,0,0",
                        "startOffsets": "245,349,537,661,769,982,1107,1245,1372,1580,1685,1876,2001,2209,2377,2471,2562",
                        "endColumns": "103,187,123,107,212,124,137,126,207,104,190,124,207,167,93,90,104",
                        "endOffsets": "348,536,660,768,981,1106,1244,1371,1579,1684,1875,2000,2208,2376,2470,2561,2666"
                    },
                    "to": {
                        "startLines": "29,30,31,32,33,34,35,36,38,39,40,41,42,43,44,45,46",
                        "startColumns": "4,4,4,4,4,4,4,4,4,4,4,4,4,4,4,4,4",
                        "startOffsets": "2833,2941,3129,3257,3369,3582,3711,3853,4173,4381,4490,4681,4810,5018,5190,5288,5383",
                        "endColumns": "107,187,127,111,212,128,141,130,207,108,190,128,207,171,97,94,108",
                        "endOffsets": "2936,3124,3252,3364,3577,3706,3848,3979,4376,4485,4676,4805,5013,5185,5283,5378,5487"
                    }
                },
                {
                    "source": "/Users/marcnguyen/.gradle/caches/transforms-2/files-2.1/bcfc0b80df78591183083cc148e1cf2c/core-1.1.0/res/values-sr/values-sr.xml",
                    "from": {
                        "startLines": "2",
                        "startColumns": "4",
                        "startOffsets": "55",
                        "endColumns": "100",
                        "endOffsets": "151"
                    },
                    "to": {
                        "startLines": "50",
                        "startColumns": "4",
                        "startOffsets": "5808",
                        "endColumns": "100",
                        "endOffsets": "5904"
                    }
                }
            ]
        }
    ]
}