{
    "logs": [
        {
            "outputFile": "/Users/marcnguyen/Downloads/SES3/app/build/intermediates/incremental/mergeDebugResources/merged.dir/values-cs/values-cs.xml",
            "map": [
                {
                    "source": "/Users/marcnguyen/.gradle/caches/transforms-2/files-2.1/bcfc0b80df78591183083cc148e1cf2c/core-1.1.0/res/values-cs/values-cs.xml",
                    "from": {
                        "startLines": "2",
                        "startColumns": "4",
                        "startOffsets": "55",
                        "endColumns": "100",
                        "endOffsets": "151"
                    },
                    "to": {
                        "startLines": "59",
                        "startColumns": "4",
                        "startOffsets": "6524",
                        "endColumns": "100",
                        "endOffsets": "6620"
                    }
                },
                {
                    "source": "/Users/marcnguyen/.gradle/caches/transforms-2/files-2.1/6c5a1a33c151bf1b1b969a4997bc8337/appcompat-1.1.0/res/values-cs/values-cs.xml",
                    "from": {
                        "startLines": "2,3,4,5,6,7,8,9,10,11,12,13,14,15,16,17,18,19,20,21,22,23,24,25,26,27,28,29",
                        "startColumns": "4,4,4,4,4,4,4,4,4,4,4,4,4,4,4,4,4,4,4,4,4,4,4,4,4,4,4,4",
                        "startOffsets": "105,212,314,423,509,614,731,809,886,977,1069,1164,1258,1353,1446,1541,1638,1729,1820,1903,2007,2119,2218,2324,2435,2537,2700,2798",
                        "endColumns": "106,101,108,85,104,116,77,76,90,91,94,93,94,92,94,96,90,90,82,103,111,98,105,110,101,162,97,81",
                        "endOffsets": "207,309,418,504,609,726,804,881,972,1064,1159,1253,1348,1441,1536,1633,1724,1815,1898,2002,2114,2213,2319,2430,2532,2695,2793,2875"
                    },
                    "to": {
                        "startLines": "2,3,4,5,6,7,8,9,10,11,12,13,14,15,16,17,18,19,20,21,22,23,24,25,26,27,28,58",
                        "startColumns": "4,4,4,4,4,4,4,4,4,4,4,4,4,4,4,4,4,4,4,4,4,4,4,4,4,4,4,4",
                        "startOffsets": "105,212,314,423,509,614,731,809,886,977,1069,1164,1258,1353,1446,1541,1638,1729,1820,1903,2007,2119,2218,2324,2435,2537,2700,6442",
                        "endColumns": "106,101,108,85,104,116,77,76,90,91,94,93,94,92,94,96,90,90,82,103,111,98,105,110,101,162,97,81",
                        "endOffsets": "207,309,418,504,609,726,804,881,972,1064,1159,1253,1348,1441,1536,1633,1724,1815,1898,2002,2114,2213,2319,2430,2532,2695,2793,6519"
                    }
                },
                {
                    "source": "/Users/marcnguyen/.gradle/caches/transforms-2/files-2.1/164bb505b81f338baa0db13edd04c1d1/jetified-play-services-basement-17.0.0/res/values-cs/values.xml",
                    "from": {
                        "startLines": "4",
                        "startColumns": "0",
                        "startOffsets": "247",
                        "endColumns": "201",
                        "endOffsets": "448"
                    },
                    "to": {
                        "startLines": "37",
                        "startColumns": "4",
                        "startOffsets": "3950",
                        "endColumns": "201",
                        "endOffsets": "4147"
                    }
                },
                {
                    "source": "/Users/marcnguyen/.gradle/caches/transforms-2/files-2.1/c10a25150d21e57e35afe38f90f6ccd9/jetified-android-image-cropper-2.8.0/res/values-cs/values-cs.xml",
                    "from": {
                        "startLines": "2,3,4,5,6,7,8,9,10",
                        "startColumns": "4,4,4,4,4,4,4,4,4",
                        "startOffsets": "55,169,216,274,333,415,492,586,650",
                        "endColumns": "113,46,57,58,81,76,93,63,72",
                        "endOffsets": "164,211,269,328,410,487,581,645,718"
                    },
                    "to": {
                        "startLines": "47,48,49,50,51,52,53,54,57",
                        "startColumns": "4,4,4,4,4,4,4,4,4",
                        "startOffsets": "5539,5653,5700,5758,5817,5899,5976,6070,6369",
                        "endColumns": "113,46,57,58,81,76,93,63,72",
                        "endOffsets": "5648,5695,5753,5812,5894,5971,6065,6129,6437"
                    }
                },
                {
                    "source": "/Users/marcnguyen/.gradle/caches/transforms-2/files-2.1/dc1096d7f866fa71b43709b75f47427d/navigation-ui-2.2.2/res/values-cs/values-cs.xml",
                    "from": {
                        "startLines": "2,3",
                        "startColumns": "4,4",
                        "startOffsets": "55,163",
                        "endColumns": "107,126",
                        "endOffsets": "158,285"
                    },
                    "to": {
                        "startLines": "55,56",
                        "startColumns": "4,4",
                        "startOffsets": "6134,6242",
                        "endColumns": "107,126",
                        "endOffsets": "6237,6364"
                    }
                },
                {
                    "source": "/Users/marcnguyen/.gradle/caches/transforms-2/files-2.1/75e7c473eccef2b3a0eec97fa3a7825b/jetified-play-services-base-17.1.0/res/values-cs/values.xml",
                    "from": {
                        "startLines": "4,5,6,7,8,9,10,11,12,13,14,15,16,17,18,19,20",
                        "startColumns": "0,0,0,0,0,0,0,0,0,0,0,0,0,0,0,0,0",
                        "startOffsets": "245,349,541,664,772,984,1109,1247,1373,1607,1716,1911,2037,2257,2438,2532,2625",
                        "endColumns": "103,191,122,107,211,124,137,125,233,108,194,125,219,180,93,92,110",
                        "endOffsets": "348,540,663,771,983,1108,1246,1372,1606,1715,1910,2036,2256,2437,2531,2624,2735"
                    },
                    "to": {
                        "startLines": "29,30,31,32,33,34,35,36,38,39,40,41,42,43,44,45,46",
                        "startColumns": "4,4,4,4,4,4,4,4,4,4,4,4,4,4,4,4,4",
                        "startOffsets": "2798,2906,3098,3225,3337,3549,3678,3820,4152,4386,4499,4694,4824,5044,5229,5327,5424",
                        "endColumns": "107,191,126,111,211,128,141,129,233,112,194,129,219,184,97,96,114",
                        "endOffsets": "2901,3093,3220,3332,3544,3673,3815,3945,4381,4494,4689,4819,5039,5224,5322,5419,5534"
                    }
                }
            ]
        }
    ]
}