{
    "logs": [
        {
            "outputFile": "/Users/marcnguyen/Downloads/SES3/app/build/intermediates/incremental/mergeDebugResources/merged.dir/values-in/values-in.xml",
            "map": [
                {
                    "source": "/Users/marcnguyen/.gradle/caches/transforms-2/files-2.1/164bb505b81f338baa0db13edd04c1d1/jetified-play-services-basement-17.0.0/res/values-in/values.xml",
                    "from": {
                        "startLines": "4",
                        "startColumns": "0",
                        "startOffsets": "247",
                        "endColumns": "190",
                        "endOffsets": "437"
                    },
                    "to": {
                        "startLines": "37",
                        "startColumns": "4",
                        "startOffsets": "3973",
                        "endColumns": "190",
                        "endOffsets": "4159"
                    }
                },
                {
                    "source": "/Users/marcnguyen/.gradle/caches/transforms-2/files-2.1/c10a25150d21e57e35afe38f90f6ccd9/jetified-android-image-cropper-2.8.0/res/values-in/values-in.xml",
                    "from": {
                        "startLines": "2,3,4,5,6,7,8,9",
                        "startColumns": "4,4,4,4,4,4,4,4",
                        "startOffsets": "55,170,226,281,367,449,537,600",
                        "endColumns": "114,55,54,85,81,87,62,72",
                        "endOffsets": "165,221,276,362,444,532,595,668"
                    },
                    "to": {
                        "startLines": "47,48,49,50,51,52,53,56",
                        "startColumns": "4,4,4,4,4,4,4,4",
                        "startOffsets": "5499,5614,5670,5725,5811,5893,5981,6268",
                        "endColumns": "114,55,54,85,81,87,62,72",
                        "endOffsets": "5609,5665,5720,5806,5888,5976,6039,6336"
                    }
                },
                {
                    "source": "/Users/marcnguyen/.gradle/caches/transforms-2/files-2.1/bcfc0b80df78591183083cc148e1cf2c/core-1.1.0/res/values-in/values-in.xml",
                    "from": {
                        "startLines": "2",
                        "startColumns": "4",
                        "startOffsets": "55",
                        "endColumns": "100",
                        "endOffsets": "151"
                    },
                    "to": {
                        "startLines": "58",
                        "startColumns": "4",
                        "startOffsets": "6425",
                        "endColumns": "100",
                        "endOffsets": "6521"
                    }
                },
                {
                    "source": "/Users/marcnguyen/.gradle/caches/transforms-2/files-2.1/75e7c473eccef2b3a0eec97fa3a7825b/jetified-play-services-base-17.1.0/res/values-in/values.xml",
                    "from": {
                        "startLines": "4,5,6,7,8,9,10,11,12,13,14,15,16,17,18,19,20",
                        "startColumns": "0,0,0,0,0,0,0,0,0,0,0,0,0,0,0,0,0",
                        "startOffsets": "245,350,546,670,774,988,1113,1254,1385,1610,1713,1908,2032,2246,2416,2506,2592",
                        "endColumns": "104,195,123,103,213,124,140,130,224,102,194,123,213,169,89,85,103",
                        "endOffsets": "349,545,669,773,987,1112,1253,1384,1609,1712,1907,2031,2245,2415,2505,2591,2695"
                    },
                    "to": {
                        "startLines": "29,30,31,32,33,34,35,36,38,39,40,41,42,43,44,45,46",
                        "startColumns": "4,4,4,4,4,4,4,4,4,4,4,4,4,4,4,4,4",
                        "startOffsets": "2809,2918,3114,3242,3350,3564,3693,3838,4164,4389,4496,4691,4819,5033,5207,5301,5391",
                        "endColumns": "108,195,127,107,213,128,144,134,224,106,194,127,213,173,93,89,107",
                        "endOffsets": "2913,3109,3237,3345,3559,3688,3833,3968,4384,4491,4686,4814,5028,5202,5296,5386,5494"
                    }
                },
                {
                    "source": "/Users/marcnguyen/.gradle/caches/transforms-2/files-2.1/6c5a1a33c151bf1b1b969a4997bc8337/appcompat-1.1.0/res/values-in/values-in.xml",
                    "from": {
                        "startLines": "2,3,4,5,6,7,8,9,10,11,12,13,14,15,16,17,18,19,20,21,22,23,24,25,26,27,28,29",
                        "startColumns": "4,4,4,4,4,4,4,4,4,4,4,4,4,4,4,4,4,4,4,4,4,4,4,4,4,4,4,4",
                        "startOffsets": "105,220,324,429,516,620,736,819,898,989,1081,1176,1270,1371,1464,1559,1653,1744,1835,1920,2023,2128,2229,2333,2442,2550,2710,2809",
                        "endColumns": "114,103,104,86,103,115,82,78,90,91,94,93,100,92,94,93,90,90,84,102,104,100,103,108,107,159,98,83",
                        "endOffsets": "215,319,424,511,615,731,814,893,984,1076,1171,1265,1366,1459,1554,1648,1739,1830,1915,2018,2123,2224,2328,2437,2545,2705,2804,2888"
                    },
                    "to": {
                        "startLines": "2,3,4,5,6,7,8,9,10,11,12,13,14,15,16,17,18,19,20,21,22,23,24,25,26,27,28,57",
                        "startColumns": "4,4,4,4,4,4,4,4,4,4,4,4,4,4,4,4,4,4,4,4,4,4,4,4,4,4,4,4",
                        "startOffsets": "105,220,324,429,516,620,736,819,898,989,1081,1176,1270,1371,1464,1559,1653,1744,1835,1920,2023,2128,2229,2333,2442,2550,2710,6341",
                        "endColumns": "114,103,104,86,103,115,82,78,90,91,94,93,100,92,94,93,90,90,84,102,104,100,103,108,107,159,98,83",
                        "endOffsets": "215,319,424,511,615,731,814,893,984,1076,1171,1265,1366,1459,1554,1648,1739,1830,1915,2018,2123,2224,2328,2437,2545,2705,2804,6420"
                    }
                },
                {
                    "source": "/Users/marcnguyen/.gradle/caches/transforms-2/files-2.1/dc1096d7f866fa71b43709b75f47427d/navigation-ui-2.2.2/res/values-in/values-in.xml",
                    "from": {
                        "startLines": "2,3",
                        "startColumns": "4,4",
                        "startOffsets": "55,165",
                        "endColumns": "109,113",
                        "endOffsets": "160,274"
                    },
                    "to": {
                        "startLines": "54,55",
                        "startColumns": "4,4",
                        "startOffsets": "6044,6154",
                        "endColumns": "109,113",
                        "endOffsets": "6149,6263"
                    }
                }
            ]
        }
    ]
}