{
    "logs": [
        {
            "outputFile": "/Users/marcnguyen/Downloads/SES3/app/build/intermediates/incremental/mergeDebugResources/merged.dir/values-gl/values-gl.xml",
            "map": [
                {
                    "source": "/Users/marcnguyen/.gradle/caches/transforms-2/files-2.1/6c5a1a33c151bf1b1b969a4997bc8337/appcompat-1.1.0/res/values-gl/values-gl.xml",
                    "from": {
                        "startLines": "2,3,4,5,6,7,8,9,10,11,12,13,14,15,16,17,18,19,20,21,22,23,24,25,26,27,28,29",
                        "startColumns": "4,4,4,4,4,4,4,4,4,4,4,4,4,4,4,4,4,4,4,4,4,4,4,4,4,4,4,4",
                        "startOffsets": "105,209,313,421,506,607,735,820,901,993,1086,1183,1277,1378,1472,1568,1663,1755,1847,1927,2035,2142,2249,2358,2463,2577,2754,2853",
                        "endColumns": "103,103,107,84,100,127,84,80,91,92,96,93,100,93,95,94,91,91,79,107,106,106,108,104,113,176,98,81",
                        "endOffsets": "204,308,416,501,602,730,815,896,988,1081,1178,1272,1373,1467,1563,1658,1750,1842,1922,2030,2137,2244,2353,2458,2572,2749,2848,2930"
                    },
                    "to": {
                        "startLines": "2,3,4,5,6,7,8,9,10,11,12,13,14,15,16,17,18,19,20,21,22,23,24,25,26,27,28,49",
                        "startColumns": "4,4,4,4,4,4,4,4,4,4,4,4,4,4,4,4,4,4,4,4,4,4,4,4,4,4,4,4",
                        "startOffsets": "105,209,313,421,506,607,735,820,901,993,1086,1183,1277,1378,1472,1568,1663,1755,1847,1927,2035,2142,2249,2358,2463,2577,2754,5863",
                        "endColumns": "103,103,107,84,100,127,84,80,91,92,96,93,100,93,95,94,91,91,79,107,106,106,108,104,113,176,98,81",
                        "endOffsets": "204,308,416,501,602,730,815,896,988,1081,1178,1272,1373,1467,1563,1658,1750,1842,1922,2030,2137,2244,2353,2458,2572,2749,2848,5940"
                    }
                },
                {
                    "source": "/Users/marcnguyen/.gradle/caches/transforms-2/files-2.1/164bb505b81f338baa0db13edd04c1d1/jetified-play-services-basement-17.0.0/res/values-gl/values.xml",
                    "from": {
                        "startLines": "4",
                        "startColumns": "0",
                        "startOffsets": "247",
                        "endColumns": "192",
                        "endOffsets": "439"
                    },
                    "to": {
                        "startLines": "37",
                        "startColumns": "4",
                        "startOffsets": "4036",
                        "endColumns": "192",
                        "endOffsets": "4224"
                    }
                },
                {
                    "source": "/Users/marcnguyen/.gradle/caches/transforms-2/files-2.1/bcfc0b80df78591183083cc148e1cf2c/core-1.1.0/res/values-gl/values-gl.xml",
                    "from": {
                        "startLines": "2",
                        "startColumns": "4",
                        "startOffsets": "55",
                        "endColumns": "100",
                        "endOffsets": "151"
                    },
                    "to": {
                        "startLines": "50",
                        "startColumns": "4",
                        "startOffsets": "5945",
                        "endColumns": "100",
                        "endOffsets": "6041"
                    }
                },
                {
                    "source": "/Users/marcnguyen/.gradle/caches/transforms-2/files-2.1/dc1096d7f866fa71b43709b75f47427d/navigation-ui-2.2.2/res/values-gl/values-gl.xml",
                    "from": {
                        "startLines": "2,3",
                        "startColumns": "4,4",
                        "startOffsets": "55,173",
                        "endColumns": "117,121",
                        "endOffsets": "168,290"
                    },
                    "to": {
                        "startLines": "47,48",
                        "startColumns": "4,4",
                        "startOffsets": "5623,5741",
                        "endColumns": "117,121",
                        "endOffsets": "5736,5858"
                    }
                },
                {
                    "source": "/Users/marcnguyen/.gradle/caches/transforms-2/files-2.1/75e7c473eccef2b3a0eec97fa3a7825b/jetified-play-services-base-17.1.0/res/values-gl/values.xml",
                    "from": {
                        "startLines": "4,5,6,7,8,9,10,11,12,13,14,15,16,17,18,19,20",
                        "startColumns": "0,0,0,0,0,0,0,0,0,0,0,0,0,0,0,0,0",
                        "startOffsets": "245,349,544,671,777,995,1125,1270,1404,1634,1741,1941,2074,2298,2476,2569,2664",
                        "endColumns": "103,194,126,105,217,129,144,133,229,106,199,132,223,177,92,94,109",
                        "endOffsets": "348,543,670,776,994,1124,1269,1403,1633,1740,1940,2073,2297,2475,2568,2663,2773"
                    },
                    "to": {
                        "startLines": "29,30,31,32,33,34,35,36,38,39,40,41,42,43,44,45,46",
                        "startColumns": "4,4,4,4,4,4,4,4,4,4,4,4,4,4,4,4,4",
                        "startOffsets": "2853,2961,3156,3287,3397,3615,3749,3898,4229,4459,4570,4770,4907,5131,5313,5410,5509",
                        "endColumns": "107,194,130,109,217,133,148,137,229,110,199,136,223,181,96,98,113",
                        "endOffsets": "2956,3151,3282,3392,3610,3744,3893,4031,4454,4565,4765,4902,5126,5308,5405,5504,5618"
                    }
                }
            ]
        }
    ]
}