{
    "logs": [
        {
            "outputFile": "/Users/marcnguyen/Downloads/SES3/app/build/intermediates/incremental/mergeDebugResources/merged.dir/values-uz/values-uz.xml",
            "map": [
                {
                    "source": "/Users/marcnguyen/.gradle/caches/transforms-2/files-2.1/75e7c473eccef2b3a0eec97fa3a7825b/jetified-play-services-base-17.1.0/res/values-uz/values.xml",
                    "from": {
                        "startLines": "4,5,6,7,8,9,10,11,12,13,14,15,16,17,18,19,20",
                        "startColumns": "0,0,0,0,0,0,0,0,0,0,0,0,0,0,0,0,0",
                        "startOffsets": "245,348,530,657,764,968,1099,1245,1376,1607,1713,1903,2033,2246,2434,2526,2613",
                        "endColumns": "102,181,126,106,203,130,145,130,230,105,189,129,212,187,91,86,104",
                        "endOffsets": "347,529,656,763,967,1098,1244,1375,1606,1712,1902,2032,2245,2433,2525,2612,2717"
                    },
                    "to": {
                        "startLines": "29,30,31,32,33,34,35,36,38,39,40,41,42,43,44,45,46",
                        "startColumns": "4,4,4,4,4,4,4,4,4,4,4,4,4,4,4,4,4",
                        "startOffsets": "2776,2883,3065,3196,3307,3511,3646,3796,4140,4371,4481,4671,4805,5018,5210,5306,5397",
                        "endColumns": "106,181,130,110,203,134,149,134,230,109,189,133,212,191,95,90,108",
                        "endOffsets": "2878,3060,3191,3302,3506,3641,3791,3926,4366,4476,4666,4800,5013,5205,5301,5392,5501"
                    }
                },
                {
                    "source": "/Users/marcnguyen/.gradle/caches/transforms-2/files-2.1/bcfc0b80df78591183083cc148e1cf2c/core-1.1.0/res/values-uz/values-uz.xml",
                    "from": {
                        "startLines": "2",
                        "startColumns": "4",
                        "startOffsets": "55",
                        "endColumns": "100",
                        "endOffsets": "151"
                    },
                    "to": {
                        "startLines": "50",
                        "startColumns": "4",
                        "startOffsets": "5812",
                        "endColumns": "100",
                        "endOffsets": "5908"
                    }
                },
                {
                    "source": "/Users/marcnguyen/.gradle/caches/transforms-2/files-2.1/164bb505b81f338baa0db13edd04c1d1/jetified-play-services-basement-17.0.0/res/values-uz/values.xml",
                    "from": {
                        "startLines": "4",
                        "startColumns": "0",
                        "startOffsets": "247",
                        "endColumns": "208",
                        "endOffsets": "455"
                    },
                    "to": {
                        "startLines": "37",
                        "startColumns": "4",
                        "startOffsets": "3931",
                        "endColumns": "208",
                        "endOffsets": "4135"
                    }
                },
                {
                    "source": "/Users/marcnguyen/.gradle/caches/transforms-2/files-2.1/6c5a1a33c151bf1b1b969a4997bc8337/appcompat-1.1.0/res/values-uz/values-uz.xml",
                    "from": {
                        "startLines": "2,3,4,5,6,7,8,9,10,11,12,13,14,15,16,17,18,19,20,21,22,23,24,25,26,27,28,29",
                        "startColumns": "4,4,4,4,4,4,4,4,4,4,4,4,4,4,4,4,4,4,4,4,4,4,4,4,4,4,4,4",
                        "startOffsets": "105,210,305,405,487,587,704,789,868,959,1051,1146,1240,1335,1428,1523,1618,1709,1801,1884,1994,2100,2200,2308,2414,2516,2677,2776",
                        "endColumns": "104,94,99,81,99,116,84,78,90,91,94,93,94,92,94,94,90,91,82,109,105,99,107,105,101,160,98,82",
                        "endOffsets": "205,300,400,482,582,699,784,863,954,1046,1141,1235,1330,1423,1518,1613,1704,1796,1879,1989,2095,2195,2303,2409,2511,2672,2771,2854"
                    },
                    "to": {
                        "startLines": "2,3,4,5,6,7,8,9,10,11,12,13,14,15,16,17,18,19,20,21,22,23,24,25,26,27,28,49",
                        "startColumns": "4,4,4,4,4,4,4,4,4,4,4,4,4,4,4,4,4,4,4,4,4,4,4,4,4,4,4,4",
                        "startOffsets": "105,210,305,405,487,587,704,789,868,959,1051,1146,1240,1335,1428,1523,1618,1709,1801,1884,1994,2100,2200,2308,2414,2516,2677,5729",
                        "endColumns": "104,94,99,81,99,116,84,78,90,91,94,93,94,92,94,94,90,91,82,109,105,99,107,105,101,160,98,82",
                        "endOffsets": "205,300,400,482,582,699,784,863,954,1046,1141,1235,1330,1423,1518,1613,1704,1796,1879,1989,2095,2195,2303,2409,2511,2672,2771,5807"
                    }
                },
                {
                    "source": "/Users/marcnguyen/.gradle/caches/transforms-2/files-2.1/dc1096d7f866fa71b43709b75f47427d/navigation-ui-2.2.2/res/values-uz/values-uz.xml",
                    "from": {
                        "startLines": "2,3",
                        "startColumns": "4,4",
                        "startOffsets": "55,156",
                        "endColumns": "100,121",
                        "endOffsets": "151,273"
                    },
                    "to": {
                        "startLines": "47,48",
                        "startColumns": "4,4",
                        "startOffsets": "5506,5607",
                        "endColumns": "100,121",
                        "endOffsets": "5602,5724"
                    }
                }
            ]
        }
    ]
}