{
    "logs": [
        {
            "outputFile": "/Users/marcnguyen/Downloads/SES3/app/build/intermediates/incremental/mergeDebugResources/merged.dir/values-en-rIN/values-en-rIN.xml",
            "map": [
                {
                    "source": "/Users/marcnguyen/.gradle/caches/transforms-2/files-2.1/dc1096d7f866fa71b43709b75f47427d/navigation-ui-2.2.2/res/values-en-rIN/values-en-rIN.xml",
                    "from": {
                        "startLines": "2,3",
                        "startColumns": "4,4",
                        "startOffsets": "55,161",
                        "endColumns": "105,116",
                        "endOffsets": "156,273"
                    },
                    "to": {
                        "startLines": "29,30",
                        "startColumns": "4,4",
                        "startOffsets": "2762,2868",
                        "endColumns": "105,116",
                        "endOffsets": "2863,2980"
                    }
                },
                {
                    "source": "/Users/marcnguyen/.gradle/caches/transforms-2/files-2.1/bcfc0b80df78591183083cc148e1cf2c/core-1.1.0/res/values-en-rIN/values-en-rIN.xml",
                    "from": {
                        "startLines": "2",
                        "startColumns": "4",
                        "startOffsets": "55",
                        "endColumns": "100",
                        "endOffsets": "151"
                    },
                    "to": {
                        "startLines": "32",
                        "startColumns": "4",
                        "startOffsets": "3067",
                        "endColumns": "100",
                        "endOffsets": "3163"
                    }
                },
                {
                    "source": "/Users/marcnguyen/.gradle/caches/transforms-2/files-2.1/6c5a1a33c151bf1b1b969a4997bc8337/appcompat-1.1.0/res/values-en-rIN/values-en-rIN.xml",
                    "from": {
                        "startLines": "2,3,4,5,6,7,8,9,10,11,12,13,14,15,16,17,18,19,20,21,22,23,24,25,26,27,28,29",
                        "startColumns": "4,4,4,4,4,4,4,4,4,4,4,4,4,4,4,4,4,4,4,4,4,4,4,4,4,4,4,4",
                        "startOffsets": "105,209,309,417,501,601,716,794,870,961,1053,1148,1242,1343,1436,1531,1625,1716,1807,1888,1991,2094,2193,2298,2402,2506,2662,2762",
                        "endColumns": "103,99,107,83,99,114,77,75,90,91,94,93,100,92,94,93,90,90,80,102,102,98,104,103,103,155,99,81",
                        "endOffsets": "204,304,412,496,596,711,789,865,956,1048,1143,1237,1338,1431,1526,1620,1711,1802,1883,1986,2089,2188,2293,2397,2501,2657,2757,2839"
                    },
                    "to": {
                        "startLines": "2,3,4,5,6,7,8,9,10,11,12,13,14,15,16,17,18,19,20,21,22,23,24,25,26,27,28,31",
                        "startColumns": "4,4,4,4,4,4,4,4,4,4,4,4,4,4,4,4,4,4,4,4,4,4,4,4,4,4,4,4",
                        "startOffsets": "105,209,309,417,501,601,716,794,870,961,1053,1148,1242,1343,1436,1531,1625,1716,1807,1888,1991,2094,2193,2298,2402,2506,2662,2985",
                        "endColumns": "103,99,107,83,99,114,77,75,90,91,94,93,100,92,94,93,90,90,80,102,102,98,104,103,103,155,99,81",
                        "endOffsets": "204,304,412,496,596,711,789,865,956,1048,1143,1237,1338,1431,1526,1620,1711,1802,1883,1986,2089,2188,2293,2397,2501,2657,2757,3062"
                    }
                }
            ]
        }
    ]
}