{
    "logs": [
        {
            "outputFile": "/Users/marcnguyen/Downloads/SES3/app/build/intermediates/incremental/mergeDebugResources/merged.dir/values-hr/values-hr.xml",
            "map": [
                {
                    "source": "/Users/marcnguyen/.gradle/caches/transforms-2/files-2.1/6c5a1a33c151bf1b1b969a4997bc8337/appcompat-1.1.0/res/values-hr/values-hr.xml",
                    "from": {
                        "startLines": "2,3,4,5,6,7,8,9,10,11,12,13,14,15,16,17,18,19,20,21,22,23,24,25,26,27,28,29",
                        "startColumns": "4,4,4,4,4,4,4,4,4,4,4,4,4,4,4,4,4,4,4,4,4,4,4,4,4,4,4,4",
                        "startOffsets": "105,210,305,412,498,602,721,806,889,980,1072,1167,1261,1362,1455,1550,1645,1736,1827,1912,2016,2128,2229,2334,2448,2550,2719,2816",
                        "endColumns": "104,94,106,85,103,118,84,82,90,91,94,93,100,92,94,94,90,90,84,103,111,100,104,113,101,168,96,83",
                        "endOffsets": "205,300,407,493,597,716,801,884,975,1067,1162,1256,1357,1450,1545,1640,1731,1822,1907,2011,2123,2224,2329,2443,2545,2714,2811,2895"
                    },
                    "to": {
                        "startLines": "2,3,4,5,6,7,8,9,10,11,12,13,14,15,16,17,18,19,20,21,22,23,24,25,26,27,28,49",
                        "startColumns": "4,4,4,4,4,4,4,4,4,4,4,4,4,4,4,4,4,4,4,4,4,4,4,4,4,4,4,4",
                        "startOffsets": "105,210,305,412,498,602,721,806,889,980,1072,1167,1261,1362,1455,1550,1645,1736,1827,1912,2016,2128,2229,2334,2448,2550,2719,5720",
                        "endColumns": "104,94,106,85,103,118,84,82,90,91,94,93,100,92,94,94,90,90,84,103,111,100,104,113,101,168,96,83",
                        "endOffsets": "205,300,407,493,597,716,801,884,975,1067,1162,1256,1357,1450,1545,1640,1731,1822,1907,2011,2123,2224,2329,2443,2545,2714,2811,5799"
                    }
                },
                {
                    "source": "/Users/marcnguyen/.gradle/caches/transforms-2/files-2.1/75e7c473eccef2b3a0eec97fa3a7825b/jetified-play-services-base-17.1.0/res/values-hr/values.xml",
                    "from": {
                        "startLines": "4,5,6,7,8,9,10,11,12,13,14,15,16,17,18,19,20",
                        "startColumns": "0,0,0,0,0,0,0,0,0,0,0,0,0,0,0,0,0",
                        "startOffsets": "245,349,538,666,774,990,1118,1259,1391,1600,1705,1893,2019,2225,2394,2488,2576",
                        "endColumns": "103,188,127,107,215,127,140,131,208,104,187,125,205,168,93,87,105",
                        "endOffsets": "348,537,665,773,989,1117,1258,1390,1599,1704,1892,2018,2224,2393,2487,2575,2681"
                    },
                    "to": {
                        "startLines": "29,30,31,32,33,34,35,36,38,39,40,41,42,43,44,45,46",
                        "startColumns": "4,4,4,4,4,4,4,4,4,4,4,4,4,4,4,4,4",
                        "startOffsets": "2816,2924,3113,3245,3357,3573,3705,3850,4177,4386,4495,4683,4813,5019,5192,5290,5382",
                        "endColumns": "107,188,131,111,215,131,144,135,208,108,187,129,205,172,97,91,109",
                        "endOffsets": "2919,3108,3240,3352,3568,3700,3845,3981,4381,4490,4678,4808,5014,5187,5285,5377,5487"
                    }
                },
                {
                    "source": "/Users/marcnguyen/.gradle/caches/transforms-2/files-2.1/bcfc0b80df78591183083cc148e1cf2c/core-1.1.0/res/values-hr/values-hr.xml",
                    "from": {
                        "startLines": "2",
                        "startColumns": "4",
                        "startOffsets": "55",
                        "endColumns": "100",
                        "endOffsets": "151"
                    },
                    "to": {
                        "startLines": "50",
                        "startColumns": "4",
                        "startOffsets": "5804",
                        "endColumns": "100",
                        "endOffsets": "5900"
                    }
                },
                {
                    "source": "/Users/marcnguyen/.gradle/caches/transforms-2/files-2.1/164bb505b81f338baa0db13edd04c1d1/jetified-play-services-basement-17.0.0/res/values-hr/values.xml",
                    "from": {
                        "startLines": "4",
                        "startColumns": "0",
                        "startOffsets": "247",
                        "endColumns": "190",
                        "endOffsets": "437"
                    },
                    "to": {
                        "startLines": "37",
                        "startColumns": "4",
                        "startOffsets": "3986",
                        "endColumns": "190",
                        "endOffsets": "4172"
                    }
                },
                {
                    "source": "/Users/marcnguyen/.gradle/caches/transforms-2/files-2.1/dc1096d7f866fa71b43709b75f47427d/navigation-ui-2.2.2/res/values-hr/values-hr.xml",
                    "from": {
                        "startLines": "2,3",
                        "startColumns": "4,4",
                        "startOffsets": "55,158",
                        "endColumns": "102,124",
                        "endOffsets": "153,278"
                    },
                    "to": {
                        "startLines": "47,48",
                        "startColumns": "4,4",
                        "startOffsets": "5492,5595",
                        "endColumns": "102,124",
                        "endOffsets": "5590,5715"
                    }
                }
            ]
        }
    ]
}