{
    "logs": [
        {
            "outputFile": "/Users/marcnguyen/Downloads/SES3/app/build/intermediates/incremental/mergeDebugResources/merged.dir/values-tr/values-tr.xml",
            "map": [
                {
                    "source": "/Users/marcnguyen/.gradle/caches/transforms-2/files-2.1/164bb505b81f338baa0db13edd04c1d1/jetified-play-services-basement-17.0.0/res/values-tr/values.xml",
                    "from": {
                        "startLines": "4",
                        "startColumns": "0",
                        "startOffsets": "247",
                        "endColumns": "205",
                        "endOffsets": "452"
                    },
                    "to": {
                        "startLines": "37",
                        "startColumns": "4",
                        "startOffsets": "3971",
                        "endColumns": "205",
                        "endOffsets": "4172"
                    }
                },
                {
                    "source": "/Users/marcnguyen/.gradle/caches/transforms-2/files-2.1/dc1096d7f866fa71b43709b75f47427d/navigation-ui-2.2.2/res/values-tr/values-tr.xml",
                    "from": {
                        "startLines": "2,3",
                        "startColumns": "4,4",
                        "startOffsets": "55,160",
                        "endColumns": "104,116",
                        "endOffsets": "155,272"
                    },
                    "to": {
                        "startLines": "54,55",
                        "startColumns": "4,4",
                        "startOffsets": "6055,6160",
                        "endColumns": "104,116",
                        "endOffsets": "6155,6272"
                    }
                },
                {
                    "source": "/Users/marcnguyen/.gradle/caches/transforms-2/files-2.1/bcfc0b80df78591183083cc148e1cf2c/core-1.1.0/res/values-tr/values-tr.xml",
                    "from": {
                        "startLines": "2",
                        "startColumns": "4",
                        "startOffsets": "55",
                        "endColumns": "100",
                        "endOffsets": "151"
                    },
                    "to": {
                        "startLines": "58",
                        "startColumns": "4",
                        "startOffsets": "6430",
                        "endColumns": "100",
                        "endOffsets": "6526"
                    }
                },
                {
                    "source": "/Users/marcnguyen/.gradle/caches/transforms-2/files-2.1/6c5a1a33c151bf1b1b969a4997bc8337/appcompat-1.1.0/res/values-tr/values-tr.xml",
                    "from": {
                        "startLines": "2,3,4,5,6,7,8,9,10,11,12,13,14,15,16,17,18,19,20,21,22,23,24,25,26,27,28,29",
                        "startColumns": "4,4,4,4,4,4,4,4,4,4,4,4,4,4,4,4,4,4,4,4,4,4,4,4,4,4,4,4",
                        "startOffsets": "105,219,318,430,515,621,741,821,897,988,1080,1172,1266,1367,1460,1562,1657,1748,1839,1917,2024,2128,2224,2331,2434,2543,2699,2797",
                        "endColumns": "113,98,111,84,105,119,79,75,90,91,91,93,100,92,101,94,90,90,77,106,103,95,106,102,108,155,97,78",
                        "endOffsets": "214,313,425,510,616,736,816,892,983,1075,1167,1261,1362,1455,1557,1652,1743,1834,1912,2019,2123,2219,2326,2429,2538,2694,2792,2871"
                    },
                    "to": {
                        "startLines": "2,3,4,5,6,7,8,9,10,11,12,13,14,15,16,17,18,19,20,21,22,23,24,25,26,27,28,57",
                        "startColumns": "4,4,4,4,4,4,4,4,4,4,4,4,4,4,4,4,4,4,4,4,4,4,4,4,4,4,4,4",
                        "startOffsets": "105,219,318,430,515,621,741,821,897,988,1080,1172,1266,1367,1460,1562,1657,1748,1839,1917,2024,2128,2224,2331,2434,2543,2699,6351",
                        "endColumns": "113,98,111,84,105,119,79,75,90,91,91,93,100,92,101,94,90,90,77,106,103,95,106,102,108,155,97,78",
                        "endOffsets": "214,313,425,510,616,736,816,892,983,1075,1167,1261,1362,1455,1557,1652,1743,1834,1912,2019,2123,2219,2326,2429,2538,2694,2792,6425"
                    }
                },
                {
                    "source": "/Users/marcnguyen/.gradle/caches/transforms-2/files-2.1/c10a25150d21e57e35afe38f90f6ccd9/jetified-android-image-cropper-2.8.0/res/values-tr/values-tr.xml",
                    "from": {
                        "startLines": "2,3,4,5,6,7,8,9",
                        "startColumns": "4,4,4,4,4,4,4,4",
                        "startOffsets": "55,161,215,270,351,430,506,573",
                        "endColumns": "105,53,54,80,78,75,66,73",
                        "endOffsets": "156,210,265,346,425,501,568,642"
                    },
                    "to": {
                        "startLines": "47,48,49,50,51,52,53,56",
                        "startColumns": "4,4,4,4,4,4,4,4",
                        "startOffsets": "5537,5643,5697,5752,5833,5912,5988,6277",
                        "endColumns": "105,53,54,80,78,75,66,73",
                        "endOffsets": "5638,5692,5747,5828,5907,5983,6050,6346"
                    }
                },
                {
                    "source": "/Users/marcnguyen/.gradle/caches/transforms-2/files-2.1/75e7c473eccef2b3a0eec97fa3a7825b/jetified-play-services-base-17.1.0/res/values-tr/values.xml",
                    "from": {
                        "startLines": "4,5,6,7,8,9,10,11,12,13,14,15,16,17,18,19,20",
                        "startColumns": "0,0,0,0,0,0,0,0,0,0,0,0,0,0,0,0,0",
                        "startOffsets": "245,353,540,674,777,983,1111,1264,1395,1626,1731,1919,2051,2255,2448,2536,2626",
                        "endColumns": "107,186,133,102,205,127,152,130,230,104,187,131,203,192,87,89,104",
                        "endOffsets": "352,539,673,776,982,1110,1263,1394,1625,1730,1918,2050,2254,2447,2535,2625,2730"
                    },
                    "to": {
                        "startLines": "29,30,31,32,33,34,35,36,38,39,40,41,42,43,44,45,46",
                        "startColumns": "4,4,4,4,4,4,4,4,4,4,4,4,4,4,4,4,4",
                        "startOffsets": "2797,2909,3096,3234,3341,3547,3679,3836,4177,4408,4517,4705,4841,5045,5242,5334,5428",
                        "endColumns": "111,186,137,106,205,131,156,134,230,108,187,135,203,196,91,93,108",
                        "endOffsets": "2904,3091,3229,3336,3542,3674,3831,3966,4403,4512,4700,4836,5040,5237,5329,5423,5532"
                    }
                }
            ]
        }
    ]
}