{
    "logs": [
        {
            "outputFile": "/Users/marcnguyen/Downloads/SES3/app/build/intermediates/incremental/mergeDebugResources/merged.dir/values-ur/values-ur.xml",
            "map": [
                {
                    "source": "/Users/marcnguyen/.gradle/caches/transforms-2/files-2.1/dc1096d7f866fa71b43709b75f47427d/navigation-ui-2.2.2/res/values-ur/values-ur.xml",
                    "from": {
                        "startLines": "2,3",
                        "startColumns": "4,4",
                        "startOffsets": "55,167",
                        "endColumns": "111,114",
                        "endOffsets": "162,277"
                    },
                    "to": {
                        "startLines": "54,55",
                        "startColumns": "4,4",
                        "startOffsets": "6072,6184",
                        "endColumns": "111,114",
                        "endOffsets": "6179,6294"
                    }
                },
                {
                    "source": "/Users/marcnguyen/.gradle/caches/transforms-2/files-2.1/75e7c473eccef2b3a0eec97fa3a7825b/jetified-play-services-base-17.1.0/res/values-ur/values.xml",
                    "from": {
                        "startLines": "4,5,6,7,8,9,10,11,12,13,14,15,16,17,18,19,20",
                        "startColumns": "0,0,0,0,0,0,0,0,0,0,0,0,0,0,0,0,0",
                        "startOffsets": "245,351,547,671,780,979,1104,1242,1371,1582,1690,1893,2019,2224,2419,2508,2601",
                        "endColumns": "105,195,123,108,198,124,137,128,210,107,202,125,204,194,88,92,112",
                        "endOffsets": "350,546,670,779,978,1103,1241,1370,1581,1689,1892,2018,2223,2418,2507,2600,2713"
                    },
                    "to": {
                        "startLines": "29,30,31,32,33,34,35,36,38,39,40,41,42,43,44,45,46",
                        "startColumns": "4,4,4,4,4,4,4,4,4,4,4,4,4,4,4,4,4",
                        "startOffsets": "2832,2942,3138,3266,3379,3578,3707,3849,4193,4404,4516,4719,4849,5054,5253,5346,5443",
                        "endColumns": "109,195,127,112,198,128,141,132,210,111,202,129,204,198,92,96,116",
                        "endOffsets": "2937,3133,3261,3374,3573,3702,3844,3977,4399,4511,4714,4844,5049,5248,5341,5438,5555"
                    }
                },
                {
                    "source": "/Users/marcnguyen/.gradle/caches/transforms-2/files-2.1/6c5a1a33c151bf1b1b969a4997bc8337/appcompat-1.1.0/res/values-ur/values-ur.xml",
                    "from": {
                        "startLines": "2,3,4,5,6,7,8,9,10,11,12,13,14,15,16,17,18,19,20,21,22,23,24,25,26,27,28,29",
                        "startColumns": "4,4,4,4,4,4,4,4,4,4,4,4,4,4,4,4,4,4,4,4,4,4,4,4,4,4,4,4",
                        "startOffsets": "105,219,325,434,520,624,744,821,897,989,1082,1177,1271,1373,1467,1563,1657,1749,1841,1925,2033,2139,2241,2352,2453,2569,2734,2832",
                        "endColumns": "113,105,108,85,103,119,76,75,91,92,94,93,101,93,95,93,91,91,83,107,105,101,110,100,115,164,97,84",
                        "endOffsets": "214,320,429,515,619,739,816,892,984,1077,1172,1266,1368,1462,1558,1652,1744,1836,1920,2028,2134,2236,2347,2448,2564,2729,2827,2912"
                    },
                    "to": {
                        "startLines": "2,3,4,5,6,7,8,9,10,11,12,13,14,15,16,17,18,19,20,21,22,23,24,25,26,27,28,57",
                        "startColumns": "4,4,4,4,4,4,4,4,4,4,4,4,4,4,4,4,4,4,4,4,4,4,4,4,4,4,4,4",
                        "startOffsets": "105,219,325,434,520,624,744,821,897,989,1082,1177,1271,1373,1467,1563,1657,1749,1841,1925,2033,2139,2241,2352,2453,2569,2734,6376",
                        "endColumns": "113,105,108,85,103,119,76,75,91,92,94,93,101,93,95,93,91,91,83,107,105,101,110,100,115,164,97,84",
                        "endOffsets": "214,320,429,515,619,739,816,892,984,1077,1172,1266,1368,1462,1558,1652,1744,1836,1920,2028,2134,2236,2347,2448,2564,2729,2827,6456"
                    }
                },
                {
                    "source": "/Users/marcnguyen/.gradle/caches/transforms-2/files-2.1/164bb505b81f338baa0db13edd04c1d1/jetified-play-services-basement-17.0.0/res/values-ur/values.xml",
                    "from": {
                        "startLines": "4",
                        "startColumns": "0",
                        "startOffsets": "247",
                        "endColumns": "210",
                        "endOffsets": "457"
                    },
                    "to": {
                        "startLines": "37",
                        "startColumns": "4",
                        "startOffsets": "3982",
                        "endColumns": "210",
                        "endOffsets": "4188"
                    }
                },
                {
                    "source": "/Users/marcnguyen/.gradle/caches/transforms-2/files-2.1/c10a25150d21e57e35afe38f90f6ccd9/jetified-android-image-cropper-2.8.0/res/values-ur/values-ur.xml",
                    "from": {
                        "startLines": "2,3,4,5,6,7,8,9",
                        "startColumns": "4,4,4,4,4,4,4,4",
                        "startOffsets": "55,159,212,269,344,425,502,567",
                        "endColumns": "103,52,56,74,80,76,64,76",
                        "endOffsets": "154,207,264,339,420,497,562,639"
                    },
                    "to": {
                        "startLines": "47,48,49,50,51,52,53,56",
                        "startColumns": "4,4,4,4,4,4,4,4",
                        "startOffsets": "5560,5664,5717,5774,5849,5930,6007,6299",
                        "endColumns": "103,52,56,74,80,76,64,76",
                        "endOffsets": "5659,5712,5769,5844,5925,6002,6067,6371"
                    }
                },
                {
                    "source": "/Users/marcnguyen/.gradle/caches/transforms-2/files-2.1/bcfc0b80df78591183083cc148e1cf2c/core-1.1.0/res/values-ur/values-ur.xml",
                    "from": {
                        "startLines": "2",
                        "startColumns": "4",
                        "startOffsets": "55",
                        "endColumns": "100",
                        "endOffsets": "151"
                    },
                    "to": {
                        "startLines": "58",
                        "startColumns": "4",
                        "startOffsets": "6461",
                        "endColumns": "100",
                        "endOffsets": "6557"
                    }
                }
            ]
        }
    ]
}