{
    "logs": [
        {
            "outputFile": "/Users/marcnguyen/Downloads/SES3/app/build/intermediates/incremental/mergeDebugResources/merged.dir/values-el/values-el.xml",
            "map": [
                {
                    "source": "/Users/marcnguyen/.gradle/caches/transforms-2/files-2.1/164bb505b81f338baa0db13edd04c1d1/jetified-play-services-basement-17.0.0/res/values-el/values.xml",
                    "from": {
                        "startLines": "4",
                        "startColumns": "0",
                        "startOffsets": "247",
                        "endColumns": "222",
                        "endOffsets": "469"
                    },
                    "to": {
                        "startLines": "37",
                        "startColumns": "4",
                        "startOffsets": "4113",
                        "endColumns": "222",
                        "endOffsets": "4331"
                    }
                },
                {
                    "source": "/Users/marcnguyen/.gradle/caches/transforms-2/files-2.1/bcfc0b80df78591183083cc148e1cf2c/core-1.1.0/res/values-el/values-el.xml",
                    "from": {
                        "startLines": "2",
                        "startColumns": "4",
                        "startOffsets": "55",
                        "endColumns": "100",
                        "endOffsets": "151"
                    },
                    "to": {
                        "startLines": "50",
                        "startColumns": "4",
                        "startOffsets": "6065",
                        "endColumns": "100",
                        "endOffsets": "6161"
                    }
                },
                {
                    "source": "/Users/marcnguyen/.gradle/caches/transforms-2/files-2.1/75e7c473eccef2b3a0eec97fa3a7825b/jetified-play-services-base-17.1.0/res/values-el/values.xml",
                    "from": {
                        "startLines": "4,5,6,7,8,9,10,11,12,13,14,15,16,17,18,19,20",
                        "startColumns": "0,0,0,0,0,0,0,0,0,0,0,0,0,0,0,0,0",
                        "startOffsets": "245,354,572,702,811,1051,1174,1318,1448,1696,1802,2003,2130,2367,2538,2633,2721",
                        "endColumns": "108,217,129,108,239,122,143,129,247,105,200,126,236,170,94,87,107",
                        "endOffsets": "353,571,701,810,1050,1173,1317,1447,1695,1801,2002,2129,2366,2537,2632,2720,2828"
                    },
                    "to": {
                        "startLines": "29,30,31,32,33,34,35,36,38,39,40,41,42,43,44,45,46",
                        "startColumns": "4,4,4,4,4,4,4,4,4,4,4,4,4,4,4,4,4",
                        "startOffsets": "2886,2999,3217,3351,3464,3704,3831,3979,4336,4584,4694,4895,5026,5263,5438,5537,5629",
                        "endColumns": "112,217,133,112,239,126,147,133,247,109,200,130,236,174,98,91,111",
                        "endOffsets": "2994,3212,3346,3459,3699,3826,3974,4108,4579,4689,4890,5021,5258,5433,5532,5624,5736"
                    }
                },
                {
                    "source": "/Users/marcnguyen/.gradle/caches/transforms-2/files-2.1/dc1096d7f866fa71b43709b75f47427d/navigation-ui-2.2.2/res/values-el/values-el.xml",
                    "from": {
                        "startLines": "2,3",
                        "startColumns": "4,4",
                        "startOffsets": "55,172",
                        "endColumns": "116,121",
                        "endOffsets": "167,289"
                    },
                    "to": {
                        "startLines": "47,48",
                        "startColumns": "4,4",
                        "startOffsets": "5741,5858",
                        "endColumns": "116,121",
                        "endOffsets": "5853,5975"
                    }
                },
                {
                    "source": "/Users/marcnguyen/.gradle/caches/transforms-2/files-2.1/6c5a1a33c151bf1b1b969a4997bc8337/appcompat-1.1.0/res/values-el/values-el.xml",
                    "from": {
                        "startLines": "2,3,4,5,6,7,8,9,10,11,12,13,14,15,16,17,18,19,20,21,22,23,24,25,26,27,28,29",
                        "startColumns": "4,4,4,4,4,4,4,4,4,4,4,4,4,4,4,4,4,4,4,4,4,4,4,4,4,4,4,4",
                        "startOffsets": "105,223,334,451,536,642,765,854,940,1031,1123,1218,1312,1413,1506,1601,1698,1789,1880,1964,2075,2184,2286,2397,2507,2615,2786,2886",
                        "endColumns": "117,110,116,84,105,122,88,85,90,91,94,93,100,92,94,96,90,90,83,110,108,101,110,109,107,170,99,84",
                        "endOffsets": "218,329,446,531,637,760,849,935,1026,1118,1213,1307,1408,1501,1596,1693,1784,1875,1959,2070,2179,2281,2392,2502,2610,2781,2881,2966"
                    },
                    "to": {
                        "startLines": "2,3,4,5,6,7,8,9,10,11,12,13,14,15,16,17,18,19,20,21,22,23,24,25,26,27,28,49",
                        "startColumns": "4,4,4,4,4,4,4,4,4,4,4,4,4,4,4,4,4,4,4,4,4,4,4,4,4,4,4,4",
                        "startOffsets": "105,223,334,451,536,642,765,854,940,1031,1123,1218,1312,1413,1506,1601,1698,1789,1880,1964,2075,2184,2286,2397,2507,2615,2786,5980",
                        "endColumns": "117,110,116,84,105,122,88,85,90,91,94,93,100,92,94,96,90,90,83,110,108,101,110,109,107,170,99,84",
                        "endOffsets": "218,329,446,531,637,760,849,935,1026,1118,1213,1307,1408,1501,1596,1693,1784,1875,1959,2070,2179,2281,2392,2502,2610,2781,2881,6060"
                    }
                }
            ]
        }
    ]
}