{
    "logs": [
        {
            "outputFile": "/Users/marcnguyen/Downloads/SES3/app/build/intermediates/incremental/mergeDebugResources/merged.dir/values-hi/values-hi.xml",
            "map": [
                {
                    "source": "/Users/marcnguyen/.gradle/caches/transforms-2/files-2.1/75e7c473eccef2b3a0eec97fa3a7825b/jetified-play-services-base-17.1.0/res/values-hi/values.xml",
                    "from": {
                        "startLines": "4,5,6,7,8,9,10,11,12,13,14,15,16,17,18,19,20",
                        "startColumns": "0,0,0,0,0,0,0,0,0,0,0,0,0,0,0,0,0",
                        "startOffsets": "245,351,543,667,777,987,1115,1253,1390,1606,1713,1910,2038,2238,2417,2506,2599",
                        "endColumns": "105,191,123,109,209,127,137,136,215,106,196,127,199,178,88,92,112",
                        "endOffsets": "350,542,666,776,986,1114,1252,1389,1605,1712,1909,2037,2237,2416,2505,2598,2711"
                    },
                    "to": {
                        "startLines": "29,30,31,32,33,34,35,36,38,39,40,41,42,43,44,45,46",
                        "startColumns": "4,4,4,4,4,4,4,4,4,4,4,4,4,4,4,4,4",
                        "startOffsets": "2787,2897,3089,3217,3331,3541,3673,3815,4161,4377,4488,4685,4817,5017,5200,5293,5390",
                        "endColumns": "109,191,127,113,209,131,141,140,215,110,196,131,199,182,92,96,116",
                        "endOffsets": "2892,3084,3212,3326,3536,3668,3810,3951,4372,4483,4680,4812,5012,5195,5288,5385,5502"
                    }
                },
                {
                    "source": "/Users/marcnguyen/.gradle/caches/transforms-2/files-2.1/bcfc0b80df78591183083cc148e1cf2c/core-1.1.0/res/values-hi/values-hi.xml",
                    "from": {
                        "startLines": "2",
                        "startColumns": "4",
                        "startOffsets": "55",
                        "endColumns": "100",
                        "endOffsets": "151"
                    },
                    "to": {
                        "startLines": "58",
                        "startColumns": "4",
                        "startOffsets": "6404",
                        "endColumns": "100",
                        "endOffsets": "6500"
                    }
                },
                {
                    "source": "/Users/marcnguyen/.gradle/caches/transforms-2/files-2.1/6c5a1a33c151bf1b1b969a4997bc8337/appcompat-1.1.0/res/values-hi/values-hi.xml",
                    "from": {
                        "startLines": "2,3,4,5,6,7,8,9,10,11,12,13,14,15,16,17,18,19,20,21,22,23,24,25,26,27,28,29",
                        "startColumns": "4,4,4,4,4,4,4,4,4,4,4,4,4,4,4,4,4,4,4,4,4,4,4,4,4,4,4,4",
                        "startOffsets": "105,211,309,419,505,607,728,806,884,975,1067,1162,1256,1357,1450,1545,1639,1730,1821,1901,2006,2108,2206,2316,2419,2528,2686,2787",
                        "endColumns": "105,97,109,85,101,120,77,77,90,91,94,93,100,92,94,93,90,90,79,104,101,97,109,102,108,157,100,80",
                        "endOffsets": "206,304,414,500,602,723,801,879,970,1062,1157,1251,1352,1445,1540,1634,1725,1816,1896,2001,2103,2201,2311,2414,2523,2681,2782,2863"
                    },
                    "to": {
                        "startLines": "2,3,4,5,6,7,8,9,10,11,12,13,14,15,16,17,18,19,20,21,22,23,24,25,26,27,28,57",
                        "startColumns": "4,4,4,4,4,4,4,4,4,4,4,4,4,4,4,4,4,4,4,4,4,4,4,4,4,4,4,4",
                        "startOffsets": "105,211,309,419,505,607,728,806,884,975,1067,1162,1256,1357,1450,1545,1639,1730,1821,1901,2006,2108,2206,2316,2419,2528,2686,6323",
                        "endColumns": "105,97,109,85,101,120,77,77,90,91,94,93,100,92,94,93,90,90,79,104,101,97,109,102,108,157,100,80",
                        "endOffsets": "206,304,414,500,602,723,801,879,970,1062,1157,1251,1352,1445,1540,1634,1725,1816,1896,2001,2103,2201,2311,2414,2523,2681,2782,6399"
                    }
                },
                {
                    "source": "/Users/marcnguyen/.gradle/caches/transforms-2/files-2.1/dc1096d7f866fa71b43709b75f47427d/navigation-ui-2.2.2/res/values-hi/values-hi.xml",
                    "from": {
                        "startLines": "2,3",
                        "startColumns": "4,4",
                        "startOffsets": "55,159",
                        "endColumns": "103,113",
                        "endOffsets": "154,268"
                    },
                    "to": {
                        "startLines": "54,55",
                        "startColumns": "4,4",
                        "startOffsets": "6033,6137",
                        "endColumns": "103,113",
                        "endOffsets": "6132,6246"
                    }
                },
                {
                    "source": "/Users/marcnguyen/.gradle/caches/transforms-2/files-2.1/164bb505b81f338baa0db13edd04c1d1/jetified-play-services-basement-17.0.0/res/values-hi/values.xml",
                    "from": {
                        "startLines": "4",
                        "startColumns": "0",
                        "startOffsets": "247",
                        "endColumns": "204",
                        "endOffsets": "451"
                    },
                    "to": {
                        "startLines": "37",
                        "startColumns": "4",
                        "startOffsets": "3956",
                        "endColumns": "204",
                        "endOffsets": "4156"
                    }
                },
                {
                    "source": "/Users/marcnguyen/.gradle/caches/transforms-2/files-2.1/c10a25150d21e57e35afe38f90f6ccd9/jetified-android-image-cropper-2.8.0/res/values-hi/values-hi.xml",
                    "from": {
                        "startLines": "2,3,4,5,6,7,8,9",
                        "startColumns": "4,4,4,4,4,4,4,4",
                        "startOffsets": "55,161,215,270,346,423,517,581",
                        "endColumns": "105,53,54,75,76,93,63,71",
                        "endOffsets": "156,210,265,341,418,512,576,648"
                    },
                    "to": {
                        "startLines": "47,48,49,50,51,52,53,56",
                        "startColumns": "4,4,4,4,4,4,4,4",
                        "startOffsets": "5507,5613,5667,5722,5798,5875,5969,6251",
                        "endColumns": "105,53,54,75,76,93,63,71",
                        "endOffsets": "5608,5662,5717,5793,5870,5964,6028,6318"
                    }
                }
            ]
        }
    ]
}