{
    "logs": [
        {
            "outputFile": "/Users/marcnguyen/Downloads/SES3/app/build/intermediates/incremental/mergeDebugResources/merged.dir/values-kk/values-kk.xml",
            "map": [
                {
                    "source": "/Users/marcnguyen/.gradle/caches/transforms-2/files-2.1/75e7c473eccef2b3a0eec97fa3a7825b/jetified-play-services-base-17.1.0/res/values-kk/values.xml",
                    "from": {
                        "startLines": "4,5,6,7,8,9,10,11,12,13,14,15,16,17,18,19,20",
                        "startColumns": "0,0,0,0,0,0,0,0,0,0,0,0,0,0,0,0,0",
                        "startOffsets": "245,346,531,655,759,958,1082,1231,1365,1589,1693,1881,2008,2220,2403,2492,2577",
                        "endColumns": "100,184,123,103,198,123,148,133,223,103,187,126,211,182,88,84,102",
                        "endOffsets": "345,530,654,758,957,1081,1230,1364,1588,1692,1880,2007,2219,2402,2491,2576,2679"
                    },
                    "to": {
                        "startLines": "29,30,31,32,33,34,35,36,38,39,40,41,42,43,44,45,46",
                        "startColumns": "4,4,4,4,4,4,4,4,4,4,4,4,4,4,4,4,4",
                        "startOffsets": "2796,2901,3086,3214,3322,3521,3649,3802,4163,4387,4495,4683,4814,5026,5213,5306,5395",
                        "endColumns": "104,184,127,107,198,127,152,137,223,107,187,130,211,186,92,88,106",
                        "endOffsets": "2896,3081,3209,3317,3516,3644,3797,3935,4382,4490,4678,4809,5021,5208,5301,5390,5497"
                    }
                },
                {
                    "source": "/Users/marcnguyen/.gradle/caches/transforms-2/files-2.1/6c5a1a33c151bf1b1b969a4997bc8337/appcompat-1.1.0/res/values-kk/values-kk.xml",
                    "from": {
                        "startLines": "2,3,4,5,6,7,8,9,10,11,12,13,14,15,16,17,18,19,20,21,22,23,24,25,26,27,28,29",
                        "startColumns": "4,4,4,4,4,4,4,4,4,4,4,4,4,4,4,4,4,4,4,4,4,4,4,4,4,4,4,4",
                        "startOffsets": "105,213,318,428,513,619,738,818,896,987,1079,1174,1268,1369,1462,1557,1654,1745,1836,1916,2021,2124,2222,2329,2435,2535,2701,2796",
                        "endColumns": "107,104,109,84,105,118,79,77,90,91,94,93,100,92,94,96,90,90,79,104,102,97,106,105,99,165,94,80",
                        "endOffsets": "208,313,423,508,614,733,813,891,982,1074,1169,1263,1364,1457,1552,1649,1740,1831,1911,2016,2119,2217,2324,2430,2530,2696,2791,2872"
                    },
                    "to": {
                        "startLines": "2,3,4,5,6,7,8,9,10,11,12,13,14,15,16,17,18,19,20,21,22,23,24,25,26,27,28,49",
                        "startColumns": "4,4,4,4,4,4,4,4,4,4,4,4,4,4,4,4,4,4,4,4,4,4,4,4,4,4,4,4",
                        "startOffsets": "105,213,318,428,513,619,738,818,896,987,1079,1174,1268,1369,1462,1557,1654,1745,1836,1916,2021,2124,2222,2329,2435,2535,2701,5733",
                        "endColumns": "107,104,109,84,105,118,79,77,90,91,94,93,100,92,94,96,90,90,79,104,102,97,106,105,99,165,94,80",
                        "endOffsets": "208,313,423,508,614,733,813,891,982,1074,1169,1263,1364,1457,1552,1649,1740,1831,1911,2016,2119,2217,2324,2430,2530,2696,2791,5809"
                    }
                },
                {
                    "source": "/Users/marcnguyen/.gradle/caches/transforms-2/files-2.1/164bb505b81f338baa0db13edd04c1d1/jetified-play-services-basement-17.0.0/res/values-kk/values.xml",
                    "from": {
                        "startLines": "4",
                        "startColumns": "0",
                        "startOffsets": "247",
                        "endColumns": "222",
                        "endOffsets": "469"
                    },
                    "to": {
                        "startLines": "37",
                        "startColumns": "4",
                        "startOffsets": "3940",
                        "endColumns": "222",
                        "endOffsets": "4158"
                    }
                },
                {
                    "source": "/Users/marcnguyen/.gradle/caches/transforms-2/files-2.1/dc1096d7f866fa71b43709b75f47427d/navigation-ui-2.2.2/res/values-kk/values-kk.xml",
                    "from": {
                        "startLines": "2,3",
                        "startColumns": "4,4",
                        "startOffsets": "55,168",
                        "endColumns": "112,117",
                        "endOffsets": "163,281"
                    },
                    "to": {
                        "startLines": "47,48",
                        "startColumns": "4,4",
                        "startOffsets": "5502,5615",
                        "endColumns": "112,117",
                        "endOffsets": "5610,5728"
                    }
                },
                {
                    "source": "/Users/marcnguyen/.gradle/caches/transforms-2/files-2.1/bcfc0b80df78591183083cc148e1cf2c/core-1.1.0/res/values-kk/values-kk.xml",
                    "from": {
                        "startLines": "2",
                        "startColumns": "4",
                        "startOffsets": "55",
                        "endColumns": "100",
                        "endOffsets": "151"
                    },
                    "to": {
                        "startLines": "50",
                        "startColumns": "4",
                        "startOffsets": "5814",
                        "endColumns": "100",
                        "endOffsets": "5910"
                    }
                }
            ]
        }
    ]
}