{
    "logs": [
        {
            "outputFile": "/Users/marcnguyen/Downloads/SES3/app/build/intermediates/incremental/mergeDebugResources/merged.dir/values-ka/values-ka.xml",
            "map": [
                {
                    "source": "/Users/marcnguyen/.gradle/caches/transforms-2/files-2.1/dc1096d7f866fa71b43709b75f47427d/navigation-ui-2.2.2/res/values-ka/values-ka.xml",
                    "from": {
                        "startLines": "2,3",
                        "startColumns": "4,4",
                        "startOffsets": "55,164",
                        "endColumns": "108,117",
                        "endOffsets": "159,277"
                    },
                    "to": {
                        "startLines": "47,48",
                        "startColumns": "4,4",
                        "startOffsets": "5517,5626",
                        "endColumns": "108,117",
                        "endOffsets": "5621,5739"
                    }
                },
                {
                    "source": "/Users/marcnguyen/.gradle/caches/transforms-2/files-2.1/75e7c473eccef2b3a0eec97fa3a7825b/jetified-play-services-base-17.1.0/res/values-ka/values.xml",
                    "from": {
                        "startLines": "4,5,6,7,8,9,10,11,12,13,14,15,16,17,18,19,20",
                        "startColumns": "0,0,0,0,0,0,0,0,0,0,0,0,0,0,0,0,0",
                        "startOffsets": "245,348,529,655,763,976,1108,1256,1389,1621,1727,1913,2039,2259,2424,2516,2603",
                        "endColumns": "102,180,125,107,212,131,147,132,231,105,185,125,219,164,91,86,100",
                        "endOffsets": "347,528,654,762,975,1107,1255,1388,1620,1726,1912,2038,2258,2423,2515,2602,2703"
                    },
                    "to": {
                        "startLines": "29,30,31,32,33,34,35,36,38,39,40,41,42,43,44,45,46",
                        "startColumns": "4,4,4,4,4,4,4,4,4,4,4,4,4,4,4,4,4",
                        "startOffsets": "2808,2915,3096,3226,3338,3551,3687,3839,4178,4410,4520,4706,4836,5056,5225,5321,5412",
                        "endColumns": "106,180,129,111,212,135,151,136,231,109,185,129,219,168,95,90,104",
                        "endOffsets": "2910,3091,3221,3333,3546,3682,3834,3971,4405,4515,4701,4831,5051,5220,5316,5407,5512"
                    }
                },
                {
                    "source": "/Users/marcnguyen/.gradle/caches/transforms-2/files-2.1/6c5a1a33c151bf1b1b969a4997bc8337/appcompat-1.1.0/res/values-ka/values-ka.xml",
                    "from": {
                        "startLines": "2,3,4,5,6,7,8,9,10,11,12,13,14,15,16,17,18,19,20,21,22,23,24,25,26,27,28,29",
                        "startColumns": "4,4,4,4,4,4,4,4,4,4,4,4,4,4,4,4,4,4,4,4,4,4,4,4,4,4,4,4",
                        "startOffsets": "105,213,316,427,513,618,731,814,894,985,1077,1172,1266,1367,1460,1555,1650,1741,1832,1912,2025,2131,2229,2342,2447,2551,2709,2808",
                        "endColumns": "107,102,110,85,104,112,82,79,90,91,94,93,100,92,94,94,90,90,79,112,105,97,112,104,103,157,98,80",
                        "endOffsets": "208,311,422,508,613,726,809,889,980,1072,1167,1261,1362,1455,1550,1645,1736,1827,1907,2020,2126,2224,2337,2442,2546,2704,2803,2884"
                    },
                    "to": {
                        "startLines": "2,3,4,5,6,7,8,9,10,11,12,13,14,15,16,17,18,19,20,21,22,23,24,25,26,27,28,49",
                        "startColumns": "4,4,4,4,4,4,4,4,4,4,4,4,4,4,4,4,4,4,4,4,4,4,4,4,4,4,4,4",
                        "startOffsets": "105,213,316,427,513,618,731,814,894,985,1077,1172,1266,1367,1460,1555,1650,1741,1832,1912,2025,2131,2229,2342,2447,2551,2709,5744",
                        "endColumns": "107,102,110,85,104,112,82,79,90,91,94,93,100,92,94,94,90,90,79,112,105,97,112,104,103,157,98,80",
                        "endOffsets": "208,311,422,508,613,726,809,889,980,1072,1167,1261,1362,1455,1550,1645,1736,1827,1907,2020,2126,2224,2337,2442,2546,2704,2803,5820"
                    }
                },
                {
                    "source": "/Users/marcnguyen/.gradle/caches/transforms-2/files-2.1/bcfc0b80df78591183083cc148e1cf2c/core-1.1.0/res/values-ka/values-ka.xml",
                    "from": {
                        "startLines": "2",
                        "startColumns": "4",
                        "startOffsets": "55",
                        "endColumns": "100",
                        "endOffsets": "151"
                    },
                    "to": {
                        "startLines": "50",
                        "startColumns": "4",
                        "startOffsets": "5825",
                        "endColumns": "100",
                        "endOffsets": "5921"
                    }
                },
                {
                    "source": "/Users/marcnguyen/.gradle/caches/transforms-2/files-2.1/164bb505b81f338baa0db13edd04c1d1/jetified-play-services-basement-17.0.0/res/values-ka/values.xml",
                    "from": {
                        "startLines": "4",
                        "startColumns": "0",
                        "startOffsets": "247",
                        "endColumns": "201",
                        "endOffsets": "448"
                    },
                    "to": {
                        "startLines": "37",
                        "startColumns": "4",
                        "startOffsets": "3976",
                        "endColumns": "201",
                        "endOffsets": "4173"
                    }
                }
            ]
        }
    ]
}