{
    "logs": [
        {
            "outputFile": "/Users/marcnguyen/Downloads/SES3/app/build/intermediates/incremental/mergeDebugResources/merged.dir/values-zh/values-zh.xml",
            "map": [
                {
                    "source": "/Users/marcnguyen/.gradle/caches/transforms-2/files-2.1/c10a25150d21e57e35afe38f90f6ccd9/jetified-android-image-cropper-2.8.0/res/values-zh/values-zh.xml",
                    "from": {
                        "startLines": "2,3,4,5,6,7,8,9,10",
                        "startColumns": "4,4,4,4,4,4,4,4,4",
                        "startOffsets": "55,135,182,234,286,353,418,480,540",
                        "endColumns": "79,46,51,51,66,64,61,59,64",
                        "endOffsets": "130,177,229,281,348,413,475,535,600"
                    }
                }
            ]
        }
    ]
}