{
    "logs": [
        {
            "outputFile": "/Users/marcnguyen/Downloads/SES3/app/build/intermediates/incremental/mergeDebugResources/merged.dir/values-v21/values-v21.xml",
            "map": [
                {
                    "source": "/Users/marcnguyen/Downloads/SES3/app/src/main/res/values-v21/styles.xml",
                    "from": {
                        "startLines": "2",
                        "startColumns": "4",
                        "startOffsets": "19",
                        "endLines": "6",
                        "endColumns": "12",
                        "endOffsets": "246"
                    },
                    "to": {
                        "startLines": "16",
                        "startColumns": "4",
                        "startOffsets": "1201",
                        "endLines": "20",
                        "endColumns": "12",
                        "endOffsets": "1424"
                    }
                },
                {
                    "source": "/Users/marcnguyen/.gradle/caches/transforms-2/files-2.1/bcfc0b80df78591183083cc148e1cf2c/core-1.1.0/res/values-v21/values-v21.xml",
                    "from": {
                        "startLines": "2,3,4,5,6,7,8,9,10,13",
                        "startColumns": "4,4,4,4,4,4,4,4,4,4",
                        "startOffsets": "55,159,223,290,354,470,596,722,850,1022",
                        "endLines": "2,3,4,5,6,7,8,9,12,17",
                        "endColumns": "103,63,66,63,115,125,125,127,12,12",
                        "endOffsets": "154,218,285,349,465,591,717,845,1017,1355"
                    },
                    "to": {
                        "startLines": "2,13,14,15,308,309,316,320,364,367",
                        "startColumns": "4,4,4,4,4,4,4,4,4,4",
                        "startOffsets": "55,1006,1070,1137,22651,22767,23224,23518,26474,26646",
                        "endLines": "2,13,14,15,308,309,316,320,366,371",
                        "endColumns": "103,63,66,63,115,125,125,127,12,12",
                        "endOffsets": "154,1065,1132,1196,22762,22888,23345,23641,26641,26979"
                    }
                },
                {
                    "source": "/Users/marcnguyen/.gradle/caches/transforms-2/files-2.1/6029c1862846be4a7ec1743d4d20ec64/material-1.1.0/res/values-v21/values-v21.xml",
                    "from": {
                        "startLines": "2,3,4,5,6,7,8,9,10,11,12,15,16,19,24,35,41,47,53,59,65,69,72,75,78,81,85",
                        "startColumns": "4,4,4,4,4,4,4,4,4,4,4,4,4,4,4,4,4,4,4,4,4,4,4,4,4,4,4",
                        "startOffsets": "55,123,202,290,378,466,554,641,728,815,902,1115,1231,1401,1722,2751,3208,3550,3894,4244,4594,4987,5205,5427,5653,5869,6110",
                        "endLines": "2,3,4,5,6,7,8,9,10,11,14,15,18,23,34,40,46,52,58,64,68,71,74,77,80,84,88",
                        "endColumns": "67,78,87,87,87,87,86,86,86,86,10,115,10,12,10,10,10,10,10,10,10,10,10,10,10,10,10",
                        "endOffsets": "118,197,285,373,461,549,636,723,810,897,1110,1226,1396,1717,2746,3203,3545,3889,4239,4589,4982,5200,5422,5648,5864,6105,6364"
                    },
                    "to": {
                        "startLines": "3,4,5,6,7,8,9,10,11,12,82,244,245,248,253,264,324,330,336,342,348,352,355,358,361,372,376",
                        "startColumns": "4,4,4,4,4,4,4,4,4,4,4,4,4,4,4,4,4,4,4,4,4,4,4,4,4,4,4",
                        "startOffsets": "159,227,306,394,482,570,658,745,832,919,6899,18209,18325,18495,18816,19845,23813,24155,24499,24849,25199,25592,25810,26032,26258,26984,27225",
                        "endLines": "3,4,5,6,7,8,9,10,11,12,84,244,247,252,263,269,329,335,341,347,351,354,357,360,363,375,379",
                        "endColumns": "67,78,87,87,87,87,86,86,86,86,10,115,10,12,10,10,10,10,10,10,10,10,10,10,10,10,10",
                        "endOffsets": "222,301,389,477,565,653,740,827,914,1001,7107,18320,18490,18811,19840,20297,24150,24494,24844,25194,25587,25805,26027,26253,26469,27220,27479"
                    }
                },
                {
                    "source": "/Users/marcnguyen/.gradle/caches/transforms-2/files-2.1/8b5f852ea07e3e59838d34b817ca41ac/media-1.0.0/res/values-v21/values-v21.xml",
                    "from": {
                        "startLines": "2,5,8,11",
                        "startColumns": "4,4,4,4",
                        "startOffsets": "55,223,386,554",
                        "endLines": "4,7,10,13",
                        "endColumns": "12,12,12,12",
                        "endOffsets": "218,381,549,716"
                    },
                    "to": {
                        "startLines": "310,313,317,321",
                        "startColumns": "4,4,4,4",
                        "startOffsets": "22893,23061,23350,23646",
                        "endLines": "312,315,319,323",
                        "endColumns": "12,12,12,12",
                        "endOffsets": "23056,23219,23513,23808"
                    }
                },
                {
                    "source": "/Users/marcnguyen/.gradle/caches/transforms-2/files-2.1/6c5a1a33c151bf1b1b969a4997bc8337/appcompat-1.1.0/res/values-v21/values-v21.xml",
                    "from": {
                        "startLines": "2,3,4,5,6,7,8,9,10,11,12,13,14,15,17,19,20,21,22,24,26,27,28,29,30,32,34,36,38,40,42,43,48,50,52,53,54,56,58,59,60,61,62,63,106,109,152,155,158,160,162,164,167,171,174,175,176,179,180,181,182,183,184,187,188,190,192,194,196,200,202,203,204,205,207,211,213,215,216,217,218,219,220,222,223,224,234,235,236,248",
                        "startColumns": "4,4,4,4,4,4,4,4,4,4,4,4,4,4,4,4,4,4,4,4,4,4,4,4,4,4,4,4,4,4,4,4,4,4,4,4,4,4,4,4,4,4,4,4,4,4,4,4,4,4,4,4,4,4,4,4,4,4,4,4,4,4,4,4,4,4,4,4,4,4,4,4,4,4,4,4,4,4,4,4,4,4,4,4,4,4,4,4,4,4",
                        "startOffsets": "55,146,249,352,457,564,673,782,891,1000,1109,1216,1319,1438,1593,1748,1853,1974,2075,2222,2363,2466,2585,2692,2795,2950,3121,3270,3435,3592,3743,3862,4213,4362,4511,4623,4770,4923,5070,5145,5234,5321,5422,5525,8499,8684,11670,11867,12066,12189,12312,12425,12608,12863,13064,13153,13264,13497,13598,13693,13816,13945,14062,14239,14338,14473,14616,14751,14870,15071,15190,15283,15394,15450,15557,15752,15863,15996,16091,16182,16273,16366,16483,16622,16693,16776,17456,17513,17571,18265",
                        "endLines": "2,3,4,5,6,7,8,9,10,11,12,13,14,16,18,19,20,21,23,25,26,27,28,29,31,33,35,37,39,41,42,47,49,51,52,53,55,57,58,59,60,61,62,105,108,151,154,157,159,161,163,166,170,173,174,175,178,179,180,181,182,183,186,187,189,191,193,195,199,201,202,203,204,206,210,212,214,215,216,217,218,219,221,222,223,233,234,235,247,259",
                        "endColumns": "90,102,102,104,106,108,108,108,108,108,106,102,118,12,12,104,120,100,12,12,102,118,106,102,12,12,12,12,12,12,118,12,12,12,111,146,12,12,74,88,86,100,102,12,12,12,12,12,12,12,12,12,12,12,88,110,12,100,94,122,128,116,12,98,12,12,12,12,12,12,92,110,55,12,12,12,12,94,90,90,92,116,12,70,82,12,56,57,12,12",
                        "endOffsets": "141,244,347,452,559,668,777,886,995,1104,1211,1314,1433,1588,1743,1848,1969,2070,2217,2358,2461,2580,2687,2790,2945,3116,3265,3430,3587,3738,3857,4208,4357,4506,4618,4765,4918,5065,5140,5229,5316,5417,5520,8494,8679,11665,11862,12061,12184,12307,12420,12603,12858,13059,13148,13259,13492,13593,13688,13811,13940,14057,14234,14333,14468,14611,14746,14865,15066,15185,15278,15389,15445,15552,15747,15858,15991,16086,16177,16268,16361,16478,16617,16688,16771,17451,17508,17566,18260,18966"
                    },
                    "to": {
                        "startLines": "21,22,23,24,25,26,27,28,29,30,31,32,33,34,36,38,39,40,41,43,45,46,47,48,49,51,53,55,57,59,61,62,67,69,71,72,73,75,77,78,79,80,81,85,128,131,174,177,180,182,184,186,189,193,196,197,198,201,202,203,204,205,206,209,210,212,214,216,218,222,224,225,226,227,229,233,235,237,238,239,240,241,242,270,271,272,282,283,284,296",
                        "startColumns": "4,4,4,4,4,4,4,4,4,4,4,4,4,4,4,4,4,4,4,4,4,4,4,4,4,4,4,4,4,4,4,4,4,4,4,4,4,4,4,4,4,4,4,4,4,4,4,4,4,4,4,4,4,4,4,4,4,4,4,4,4,4,4,4,4,4,4,4,4,4,4,4,4,4,4,4,4,4,4,4,4,4,4,4,4,4,4,4,4,4",
                        "startOffsets": "1429,1520,1623,1726,1831,1938,2047,2156,2265,2374,2483,2590,2693,2812,2967,3122,3227,3348,3449,3596,3737,3840,3959,4066,4169,4324,4495,4644,4809,4966,5117,5236,5587,5736,5885,5997,6144,6297,6444,6519,6608,6695,6796,7112,10086,10271,13257,13454,13653,13776,13899,14012,14195,14450,14651,14740,14851,15084,15185,15280,15403,15532,15649,15826,15925,16060,16203,16338,16457,16658,16777,16870,16981,17037,17144,17339,17450,17583,17678,17769,17860,17953,18070,20302,20373,20456,21136,21193,21251,21945",
                        "endLines": "21,22,23,24,25,26,27,28,29,30,31,32,33,35,37,38,39,40,42,44,45,46,47,48,50,52,54,56,58,60,61,66,68,70,71,72,74,76,77,78,79,80,81,127,130,173,176,179,181,183,185,188,192,195,196,197,200,201,202,203,204,205,208,209,211,213,215,217,221,223,224,225,226,228,232,234,236,237,238,239,240,241,243,270,271,281,282,283,295,307",
                        "endColumns": "90,102,102,104,106,108,108,108,108,108,106,102,118,12,12,104,120,100,12,12,102,118,106,102,12,12,12,12,12,12,118,12,12,12,111,146,12,12,74,88,86,100,102,12,12,12,12,12,12,12,12,12,12,12,88,110,12,100,94,122,128,116,12,98,12,12,12,12,12,12,92,110,55,12,12,12,12,94,90,90,92,116,12,70,82,12,56,57,12,12",
                        "endOffsets": "1515,1618,1721,1826,1933,2042,2151,2260,2369,2478,2585,2688,2807,2962,3117,3222,3343,3444,3591,3732,3835,3954,4061,4164,4319,4490,4639,4804,4961,5112,5231,5582,5731,5880,5992,6139,6292,6439,6514,6603,6690,6791,6894,10081,10266,13252,13449,13648,13771,13894,14007,14190,14445,14646,14735,14846,15079,15180,15275,15398,15527,15644,15821,15920,16055,16198,16333,16452,16653,16772,16865,16976,17032,17139,17334,17445,17578,17673,17764,17855,17948,18065,18204,20368,20451,21131,21188,21246,21940,22646"
                    }
                }
            ]
        }
    ]
}