{
    "logs": [
        {
            "outputFile": "/Users/marcnguyen/Downloads/SES3/app/build/intermediates/incremental/mergeDebugResources/merged.dir/values-ms/values-ms.xml",
            "map": [
                {
                    "source": "/Users/marcnguyen/.gradle/caches/transforms-2/files-2.1/6c5a1a33c151bf1b1b969a4997bc8337/appcompat-1.1.0/res/values-ms/values-ms.xml",
                    "from": {
                        "startLines": "2,3,4,5,6,7,8,9,10,11,12,13,14,15,16,17,18,19,20,21,22,23,24,25,26,27,28,29",
                        "startColumns": "4,4,4,4,4,4,4,4,4,4,4,4,4,4,4,4,4,4,4,4,4,4,4,4,4,4,4,4",
                        "startOffsets": "105,216,321,429,516,620,731,810,889,980,1072,1167,1261,1360,1453,1548,1642,1733,1824,1903,2015,2123,2220,2329,2433,2540,2699,2800",
                        "endColumns": "110,104,107,86,103,110,78,78,90,91,94,93,98,92,94,93,90,90,78,111,107,96,108,103,106,158,100,79",
                        "endOffsets": "211,316,424,511,615,726,805,884,975,1067,1162,1256,1355,1448,1543,1637,1728,1819,1898,2010,2118,2215,2324,2428,2535,2694,2795,2875"
                    },
                    "to": {
                        "startLines": "2,3,4,5,6,7,8,9,10,11,12,13,14,15,16,17,18,19,20,21,22,23,24,25,26,27,28,57",
                        "startColumns": "4,4,4,4,4,4,4,4,4,4,4,4,4,4,4,4,4,4,4,4,4,4,4,4,4,4,4,4",
                        "startOffsets": "105,216,321,429,516,620,731,810,889,980,1072,1167,1261,1360,1453,1548,1642,1733,1824,1903,2015,2123,2220,2329,2433,2540,2699,6461",
                        "endColumns": "110,104,107,86,103,110,78,78,90,91,94,93,98,92,94,93,90,90,78,111,107,96,108,103,106,158,100,79",
                        "endOffsets": "211,316,424,511,615,726,805,884,975,1067,1162,1256,1355,1448,1543,1637,1728,1819,1898,2010,2118,2215,2324,2428,2535,2694,2795,6536"
                    }
                },
                {
                    "source": "/Users/marcnguyen/.gradle/caches/transforms-2/files-2.1/c10a25150d21e57e35afe38f90f6ccd9/jetified-android-image-cropper-2.8.0/res/values-ms/values-ms.xml",
                    "from": {
                        "startLines": "2,3,4,5,6,7,8,9",
                        "startColumns": "4,4,4,4,4,4,4,4",
                        "startOffsets": "55,169,225,279,356,429,511,574",
                        "endColumns": "113,55,53,76,72,81,62,72",
                        "endOffsets": "164,220,274,351,424,506,569,642"
                    },
                    "to": {
                        "startLines": "47,48,49,50,51,52,53,56",
                        "startColumns": "4,4,4,4,4,4,4,4",
                        "startOffsets": "5645,5759,5815,5869,5946,6019,6101,6388",
                        "endColumns": "113,55,53,76,72,81,62,72",
                        "endOffsets": "5754,5810,5864,5941,6014,6096,6159,6456"
                    }
                },
                {
                    "source": "/Users/marcnguyen/.gradle/caches/transforms-2/files-2.1/75e7c473eccef2b3a0eec97fa3a7825b/jetified-play-services-base-17.1.0/res/values-ms/values.xml",
                    "from": {
                        "startLines": "4,5,6,7,8,9,10,11,12,13,14,15,16,17,18,19,20",
                        "startColumns": "0,0,0,0,0,0,0,0,0,0,0,0,0,0,0,0,0",
                        "startOffsets": "245,349,554,682,786,1017,1147,1293,1425,1669,1776,1982,2115,2345,2546,2639,2729",
                        "endColumns": "103,204,127,103,230,129,145,131,243,106,205,132,229,200,92,89,107",
                        "endOffsets": "348,553,681,785,1016,1146,1292,1424,1668,1775,1981,2114,2344,2545,2638,2728,2836"
                    },
                    "to": {
                        "startLines": "29,30,31,32,33,34,35,36,38,39,40,41,42,43,44,45,46",
                        "startColumns": "4,4,4,4,4,4,4,4,4,4,4,4,4,4,4,4,4",
                        "startOffsets": "2800,2908,3113,3245,3353,3584,3718,3868,4209,4453,4564,4770,4907,5137,5342,5439,5533",
                        "endColumns": "107,204,131,107,230,133,149,135,243,110,205,136,229,204,96,93,111",
                        "endOffsets": "2903,3108,3240,3348,3579,3713,3863,3999,4448,4559,4765,4902,5132,5337,5434,5528,5640"
                    }
                },
                {
                    "source": "/Users/marcnguyen/.gradle/caches/transforms-2/files-2.1/bcfc0b80df78591183083cc148e1cf2c/core-1.1.0/res/values-ms/values-ms.xml",
                    "from": {
                        "startLines": "2",
                        "startColumns": "4",
                        "startOffsets": "55",
                        "endColumns": "100",
                        "endOffsets": "151"
                    },
                    "to": {
                        "startLines": "58",
                        "startColumns": "4",
                        "startOffsets": "6541",
                        "endColumns": "100",
                        "endOffsets": "6637"
                    }
                },
                {
                    "source": "/Users/marcnguyen/.gradle/caches/transforms-2/files-2.1/dc1096d7f866fa71b43709b75f47427d/navigation-ui-2.2.2/res/values-ms/values-ms.xml",
                    "from": {
                        "startLines": "2,3",
                        "startColumns": "4,4",
                        "startOffsets": "55,166",
                        "endColumns": "110,112",
                        "endOffsets": "161,274"
                    },
                    "to": {
                        "startLines": "54,55",
                        "startColumns": "4,4",
                        "startOffsets": "6164,6275",
                        "endColumns": "110,112",
                        "endOffsets": "6270,6383"
                    }
                },
                {
                    "source": "/Users/marcnguyen/.gradle/caches/transforms-2/files-2.1/164bb505b81f338baa0db13edd04c1d1/jetified-play-services-basement-17.0.0/res/values-ms/values.xml",
                    "from": {
                        "startLines": "4",
                        "startColumns": "0",
                        "startOffsets": "247",
                        "endColumns": "204",
                        "endOffsets": "451"
                    },
                    "to": {
                        "startLines": "37",
                        "startColumns": "4",
                        "startOffsets": "4004",
                        "endColumns": "204",
                        "endOffsets": "4204"
                    }
                }
            ]
        }
    ]
}