{
    "logs": [
        {
            "outputFile": "/Users/marcnguyen/Downloads/SES3/app/build/intermediates/incremental/mergeDebugResources/merged.dir/values/values.xml",
            "map": [
                {
                    "source": "/Users/marcnguyen/.gradle/caches/transforms-2/files-2.1/d4b67913328dae4e98aac9b3260d763c/recyclerview-1.1.0/res/values/values.xml",
                    "from": {
                        "startLines": "-1,-1,-1,-1,-1,-1,-1,-1",
                        "startColumns": "-1,-1,-1,-1,-1,-1,-1,-1",
                        "startOffsets": "-1,-1,-1,-1,-1,-1,-1,-1"
                    },
                    "to": {
                        "startLines": "181,477,478,479,487,488,489,719",
                        "startColumns": "4,4,4,4,4,4,4,4",
                        "startOffsets": "8921,28702,28761,28809,29476,29551,29627,44452",
                        "endColumns": "55,58,47,55,74,75,71,65",
                        "endOffsets": "8972,28756,28804,28860,29546,29622,29694,44513"
                    }
                },
                {
                    "source": "/Users/marcnguyen/.gradle/caches/transforms-2/files-2.1/24cd7d3feb05a8584ecca9644a98700b/navigation-fragment-2.2.2/res/values/values.xml",
                    "from": {
                        "startLines": "-1",
                        "startColumns": "-1",
                        "startOffsets": "-1"
                    },
                    "to": {
                        "startLines": "726",
                        "startColumns": "4",
                        "startOffsets": "44817",
                        "endColumns": "56",
                        "endOffsets": "44869"
                    }
                },
                {
                    "source": "/Users/marcnguyen/.gradle/caches/transforms-2/files-2.1/dc1096d7f866fa71b43709b75f47427d/navigation-ui-2.2.2/res/values/values.xml",
                    "from": {
                        "startLines": "-1,-1,-1",
                        "startColumns": "-1,-1,-1",
                        "startOffsets": "-1,-1,-1"
                    },
                    "to": {
                        "startLines": "762,909,910",
                        "startColumns": "4,4,4",
                        "startOffsets": "46676,62235,62311",
                        "endColumns": "52,75,86",
                        "endOffsets": "46724,62306,62393"
                    }
                },
                {
                    "source": "/Users/marcnguyen/Downloads/SES3/app/src/main/res/values/styles.xml",
                    "from": {
                        "startLines": "-1,-1,-1,-1",
                        "startColumns": "-1,-1,-1,-1",
                        "startOffsets": "-1,-1,-1,-1"
                    },
                    "to": {
                        "startLines": "949,955,956,960",
                        "startColumns": "4,4,4,4",
                        "startOffsets": "65404,65686,65776,65926",
                        "endLines": "954,955,959,960",
                        "endColumns": "12,89,12,79",
                        "endOffsets": "65681,65771,65921,66001"
                    }
                },
                {
                    "source": "/Users/marcnguyen/Downloads/SES3/app/src/main/res/values/strings.xml",
                    "from": {
                        "startLines": "-1,-1,-1,-1,-1,-1,-1,-1,-1,40,-1,-1,-1,-1,-1,-1,-1,-1,-1,-1,-1,-1,-1,-1,-1,-1,-1,-1,-1,-1,-1,-1,-1,-1",
                        "startColumns": "-1,-1,-1,-1,-1,-1,-1,-1,-1,4,-1,-1,-1,-1,-1,-1,-1,-1,-1,-1,-1,-1,-1,-1,-1,-1,-1,-1,-1,-1,-1,-1,-1,-1",
                        "startOffsets": "-1,-1,-1,-1,-1,-1,-1,-1,-1,1931,-1,-1,-1,-1,-1,-1,-1,-1,-1,-1,-1,-1,-1,-1,-1,-1,-1,-1,-1,-1,-1,-1,-1,-1",
                        "endColumns": "-1,-1,-1,-1,-1,-1,-1,-1,-1,55,-1,-1,-1,-1,-1,-1,-1,-1,-1,-1,-1,-1,-1,-1,-1,-1,-1,-1,-1,-1,-1,-1,-1,-1",
                        "endOffsets": "-1,-1,-1,-1,-1,-1,-1,-1,-1,1982,-1,-1,-1,-1,-1,-1,-1,-1,-1,-1,-1,-1,-1,-1,-1,-1,-1,-1,-1,-1,-1,-1,-1,-1"
                    },
                    "to": {
                        "startLines": "811,812,813,814,815,850,851,852,853,858,865,867,869,870,871,872,873,874,911,912,913,914,915,916,917,918,924,925,926,929,930,931,934,935",
                        "startColumns": "4,4,4,4,4,4,4,4,4,4,4,4,4,4,4,4,4,4,4,4,4,4,4,4,4,4,4,4,4,4,4,4,4,4",
                        "startOffsets": "49982,50035,50079,50141,50208,54011,54057,54124,54164,54695,55367,55590,55796,55838,55881,55919,55968,56011,62398,62460,62535,62595,62671,62745,62804,62850,63704,63752,63805,64005,64051,64098,64288,64340",
                        "endColumns": "52,43,61,66,49,45,66,39,62,55,69,51,41,42,37,48,42,52,61,74,59,75,73,58,45,51,47,52,53,45,46,65,51,59",
                        "endOffsets": "50030,50074,50136,50203,50253,54052,54119,54159,54222,54746,55432,55637,55833,55876,55914,55963,56006,56059,62455,62530,62590,62666,62740,62799,62845,62897,63747,63800,63854,64046,64093,64159,64335,64395"
                    }
                },
                {
                    "source": "/Users/marcnguyen/.gradle/caches/transforms-2/files-2.1/558f92460b4271919299f451301533e5/coordinatorlayout-1.1.0/res/values/values.xml",
                    "from": {
                        "startLines": "-1,-1",
                        "startColumns": "-1,-1",
                        "startOffsets": "-1,-1"
                    },
                    "to": {
                        "startLines": "37,4434",
                        "startColumns": "4,4",
                        "startOffsets": "1837,292147",
                        "endLines": "37,4436",
                        "endColumns": "60,12",
                        "endOffsets": "1893,292287"
                    }
                },
                {
                    "source": "/Users/marcnguyen/.gradle/caches/transforms-2/files-2.1/eea79921d0082cd3162f25540a57b311/constraintlayout-1.1.3/res/values/values.xml",
                    "from": {
                        "startLines": "-1,-1,-1,-1,-1,-1,-1,-1,-1,-1,-1,-1,-1,-1,-1,-1,-1,-1,-1,-1,-1,-1,-1,-1,-1,-1,-1,-1,-1,-1,-1,-1,-1,-1,-1,-1,-1,-1,-1,-1,-1,-1,-1,-1,-1,-1,-1,-1,-1,-1,-1,-1,-1,-1,-1,-1,-1",
                        "startColumns": "-1,-1,-1,-1,-1,-1,-1,-1,-1,-1,-1,-1,-1,-1,-1,-1,-1,-1,-1,-1,-1,-1,-1,-1,-1,-1,-1,-1,-1,-1,-1,-1,-1,-1,-1,-1,-1,-1,-1,-1,-1,-1,-1,-1,-1,-1,-1,-1,-1,-1,-1,-1,-1,-1,-1,-1,-1",
                        "startOffsets": "-1,-1,-1,-1,-1,-1,-1,-1,-1,-1,-1,-1,-1,-1,-1,-1,-1,-1,-1,-1,-1,-1,-1,-1,-1,-1,-1,-1,-1,-1,-1,-1,-1,-1,-1,-1,-1,-1,-1,-1,-1,-1,-1,-1,-1,-1,-1,-1,-1,-1,-1,-1,-1,-1,-1,-1,-1"
                    },
                    "to": {
                        "startLines": "4,5,18,34,35,36,41,55,56,57,58,61,62,65,68,69,70,71,72,75,78,79,80,81,86,89,92,93,94,99,100,101,104,107,108,111,114,117,120,121,124,127,128,133,134,139,142,145,146,147,148,149,150,151,152,153,154",
                        "startColumns": "4,4,4,4,4,4,4,4,4,4,4,4,4,4,4,4,4,4,4,4,4,4,4,4,4,4,4,4,4,4,4,4,4,4,4,4,4,4,4,4,4,4,4,4,4,4,4,4,4,4,4,4,4,4,4,4,4",
                        "startOffsets": "236,297,872,1678,1730,1791,2069,2725,2786,2846,2916,3049,3117,3246,3372,3434,3499,3567,3634,3757,3882,3949,4014,4079,4260,4381,4502,4568,4635,4845,4914,4980,5105,5231,5298,5424,5551,5676,5803,5868,5994,6117,6182,6390,6457,6637,6757,6877,6942,7004,7066,7128,7187,7247,7308,7369,7428",
                        "endLines": "4,12,18,34,35,36,44,55,56,57,60,61,64,67,68,69,70,71,74,77,78,79,80,85,88,91,92,93,98,99,100,103,106,107,110,113,116,119,120,123,126,127,132,133,138,141,144,145,146,147,148,149,150,151,152,153,162",
                        "endColumns": "60,11,47,51,60,45,11,60,59,69,11,67,11,11,61,64,67,66,11,11,66,64,64,11,11,11,65,66,11,68,65,11,11,66,11,11,11,11,64,11,11,64,11,66,11,11,11,64,61,61,61,58,59,60,60,58,11",
                        "endOffsets": "292,583,915,1725,1786,1832,2191,2781,2841,2911,3044,3112,3241,3367,3429,3494,3562,3629,3752,3877,3944,4009,4074,4255,4376,4497,4563,4630,4840,4909,4975,5100,5226,5293,5419,5546,5671,5798,5863,5989,6112,6177,6385,6452,6632,6752,6872,6937,6999,7061,7123,7182,7242,7303,7364,7423,7765"
                    }
                },
                {
                    "source": "/Users/marcnguyen/.gradle/caches/transforms-2/files-2.1/6c5a1a33c151bf1b1b969a4997bc8337/appcompat-1.1.0/res/values/values.xml",
                    "from": {
                        "startLines": "-1,-1,-1,-1,-1,-1,-1,-1,-1,-1,-1,-1,-1,-1,-1,-1,-1,-1,-1,-1,-1,-1,-1,-1,-1,-1,-1,-1,-1,-1,-1,-1,-1,-1,-1,-1,-1,-1,-1,-1,-1,-1,-1,-1,-1,-1,-1,-1,-1,-1,-1,-1,-1,-1,-1,-1,-1,-1,-1,-1,-1,-1,-1,-1,-1,-1,-1,-1,-1,-1,-1,-1,-1,-1,-1,-1,-1,-1,-1,-1,-1,-1,-1,-1,-1,-1,-1,-1,-1,-1,-1,-1,-1,-1,-1,-1,-1,-1,-1,-1,-1,-1,-1,-1,-1,-1,-1,-1,-1,-1,-1,-1,-1,-1,-1,-1,-1,-1,-1,-1,-1,-1,-1,-1,-1,-1,-1,-1,-1,-1,-1,-1,-1,-1,-1,-1,-1,-1,-1,-1,-1,-1,-1,-1,-1,-1,-1,-1,-1,-1,-1,-1,-1,-1,-1,-1,-1,-1,-1,-1,-1,-1,-1,-1,-1,-1,-1,-1,-1,-1,-1,-1,-1,-1,-1,-1,-1,-1,-1,-1,-1,-1,-1,-1,-1,-1,-1,-1,-1,-1,-1,-1,-1,-1,-1,-1,-1,-1,-1,-1,-1,-1,-1,-1,-1,-1,-1,-1,-1,-1,-1,-1,-1,-1,-1,-1,-1,-1,-1,-1,-1,-1,-1,-1,-1,-1,-1,-1,-1,-1,-1,-1,-1,-1,-1,-1,-1,-1,-1,-1,-1,-1,-1,-1,-1,-1,-1,-1,-1,-1,-1,-1,-1,-1,-1,-1,-1,-1,-1,-1,-1,-1,-1,-1,-1,-1,-1,-1,-1,-1,-1,-1,-1,-1,-1,-1,-1,-1,-1,-1,-1,-1,-1,-1,-1,-1,-1,-1,-1,-1,-1,-1,-1,-1,-1,-1,-1,-1,-1,-1,-1,-1,-1,-1,-1,-1,-1,-1,-1,-1,-1,-1,-1,-1,-1,-1,-1,-1,-1,-1,-1,-1,-1,-1,-1,-1,-1,-1,-1,-1,-1,-1,-1,-1,-1,-1,-1,-1,-1,-1,-1,-1,-1,-1,-1,-1,-1,-1,-1,-1,-1,-1,-1,-1,-1,-1,-1,-1,-1,-1,-1,-1,-1,-1,-1,-1,-1,-1,-1,-1,-1,-1,-1,-1,-1,-1,-1,-1,-1,-1,-1,-1,-1,-1,-1,-1,-1,-1,-1,-1,-1,-1,-1,-1,-1,-1,-1,-1,-1,-1,-1,-1,-1,-1,-1,-1,-1,-1,-1,-1,-1,-1,-1,-1,-1,-1,-1,-1,-1,-1,-1,-1,-1,-1,-1,-1,-1,-1,-1,-1,-1,-1,-1,-1,-1,-1,-1,-1,-1,-1,-1,-1,-1,-1,-1,-1,-1,-1,-1,-1,-1,-1,-1,-1,-1,-1,-1,-1,-1,-1,-1,-1,-1,-1,-1,-1,-1,-1,-1,-1,-1,-1,-1,-1,-1,-1,-1,-1,-1,-1,-1,-1,-1,-1,-1,-1,-1,-1,-1,-1,-1,-1,-1,-1,-1,-1,-1,-1,-1,-1,-1,-1,-1,-1,-1,-1,-1,-1,-1,-1,-1,-1,-1,-1,-1,-1,-1,-1,-1,-1,-1,-1,-1,-1,-1",
                        "startColumns": "-1,-1,-1,-1,-1,-1,-1,-1,-1,-1,-1,-1,-1,-1,-1,-1,-1,-1,-1,-1,-1,-1,-1,-1,-1,-1,-1,-1,-1,-1,-1,-1,-1,-1,-1,-1,-1,-1,-1,-1,-1,-1,-1,-1,-1,-1,-1,-1,-1,-1,-1,-1,-1,-1,-1,-1,-1,-1,-1,-1,-1,-1,-1,-1,-1,-1,-1,-1,-1,-1,-1,-1,-1,-1,-1,-1,-1,-1,-1,-1,-1,-1,-1,-1,-1,-1,-1,-1,-1,-1,-1,-1,-1,-1,-1,-1,-1,-1,-1,-1,-1,-1,-1,-1,-1,-1,-1,-1,-1,-1,-1,-1,-1,-1,-1,-1,-1,-1,-1,-1,-1,-1,-1,-1,-1,-1,-1,-1,-1,-1,-1,-1,-1,-1,-1,-1,-1,-1,-1,-1,-1,-1,-1,-1,-1,-1,-1,-1,-1,-1,-1,-1,-1,-1,-1,-1,-1,-1,-1,-1,-1,-1,-1,-1,-1,-1,-1,-1,-1,-1,-1,-1,-1,-1,-1,-1,-1,-1,-1,-1,-1,-1,-1,-1,-1,-1,-1,-1,-1,-1,-1,-1,-1,-1,-1,-1,-1,-1,-1,-1,-1,-1,-1,-1,-1,-1,-1,-1,-1,-1,-1,-1,-1,-1,-1,-1,-1,-1,-1,-1,-1,-1,-1,-1,-1,-1,-1,-1,-1,-1,-1,-1,-1,-1,-1,-1,-1,-1,-1,-1,-1,-1,-1,-1,-1,-1,-1,-1,-1,-1,-1,-1,-1,-1,-1,-1,-1,-1,-1,-1,-1,-1,-1,-1,-1,-1,-1,-1,-1,-1,-1,-1,-1,-1,-1,-1,-1,-1,-1,-1,-1,-1,-1,-1,-1,-1,-1,-1,-1,-1,-1,-1,-1,-1,-1,-1,-1,-1,-1,-1,-1,-1,-1,-1,-1,-1,-1,-1,-1,-1,-1,-1,-1,-1,-1,-1,-1,-1,-1,-1,-1,-1,-1,-1,-1,-1,-1,-1,-1,-1,-1,-1,-1,-1,-1,-1,-1,-1,-1,-1,-1,-1,-1,-1,-1,-1,-1,-1,-1,-1,-1,-1,-1,-1,-1,-1,-1,-1,-1,-1,-1,-1,-1,-1,-1,-1,-1,-1,-1,-1,-1,-1,-1,-1,-1,-1,-1,-1,-1,-1,-1,-1,-1,-1,-1,-1,-1,-1,-1,-1,-1,-1,-1,-1,-1,-1,-1,-1,-1,-1,-1,-1,-1,-1,-1,-1,-1,-1,-1,-1,-1,-1,-1,-1,-1,-1,-1,-1,-1,-1,-1,-1,-1,-1,-1,-1,-1,-1,-1,-1,-1,-1,-1,-1,-1,-1,-1,-1,-1,-1,-1,-1,-1,-1,-1,-1,-1,-1,-1,-1,-1,-1,-1,-1,-1,-1,-1,-1,-1,-1,-1,-1,-1,-1,-1,-1,-1,-1,-1,-1,-1,-1,-1,-1,-1,-1,-1,-1,-1,-1,-1,-1,-1,-1,-1,-1,-1,-1,-1,-1,-1,-1,-1,-1,-1,-1,-1,-1,-1,-1,-1,-1,-1,-1,-1,-1,-1,-1,-1,-1,-1,-1,-1,-1,-1,-1,-1,-1,-1,-1,-1,-1,-1,-1,-1",
                        "startOffsets": "-1,-1,-1,-1,-1,-1,-1,-1,-1,-1,-1,-1,-1,-1,-1,-1,-1,-1,-1,-1,-1,-1,-1,-1,-1,-1,-1,-1,-1,-1,-1,-1,-1,-1,-1,-1,-1,-1,-1,-1,-1,-1,-1,-1,-1,-1,-1,-1,-1,-1,-1,-1,-1,-1,-1,-1,-1,-1,-1,-1,-1,-1,-1,-1,-1,-1,-1,-1,-1,-1,-1,-1,-1,-1,-1,-1,-1,-1,-1,-1,-1,-1,-1,-1,-1,-1,-1,-1,-1,-1,-1,-1,-1,-1,-1,-1,-1,-1,-1,-1,-1,-1,-1,-1,-1,-1,-1,-1,-1,-1,-1,-1,-1,-1,-1,-1,-1,-1,-1,-1,-1,-1,-1,-1,-1,-1,-1,-1,-1,-1,-1,-1,-1,-1,-1,-1,-1,-1,-1,-1,-1,-1,-1,-1,-1,-1,-1,-1,-1,-1,-1,-1,-1,-1,-1,-1,-1,-1,-1,-1,-1,-1,-1,-1,-1,-1,-1,-1,-1,-1,-1,-1,-1,-1,-1,-1,-1,-1,-1,-1,-1,-1,-1,-1,-1,-1,-1,-1,-1,-1,-1,-1,-1,-1,-1,-1,-1,-1,-1,-1,-1,-1,-1,-1,-1,-1,-1,-1,-1,-1,-1,-1,-1,-1,-1,-1,-1,-1,-1,-1,-1,-1,-1,-1,-1,-1,-1,-1,-1,-1,-1,-1,-1,-1,-1,-1,-1,-1,-1,-1,-1,-1,-1,-1,-1,-1,-1,-1,-1,-1,-1,-1,-1,-1,-1,-1,-1,-1,-1,-1,-1,-1,-1,-1,-1,-1,-1,-1,-1,-1,-1,-1,-1,-1,-1,-1,-1,-1,-1,-1,-1,-1,-1,-1,-1,-1,-1,-1,-1,-1,-1,-1,-1,-1,-1,-1,-1,-1,-1,-1,-1,-1,-1,-1,-1,-1,-1,-1,-1,-1,-1,-1,-1,-1,-1,-1,-1,-1,-1,-1,-1,-1,-1,-1,-1,-1,-1,-1,-1,-1,-1,-1,-1,-1,-1,-1,-1,-1,-1,-1,-1,-1,-1,-1,-1,-1,-1,-1,-1,-1,-1,-1,-1,-1,-1,-1,-1,-1,-1,-1,-1,-1,-1,-1,-1,-1,-1,-1,-1,-1,-1,-1,-1,-1,-1,-1,-1,-1,-1,-1,-1,-1,-1,-1,-1,-1,-1,-1,-1,-1,-1,-1,-1,-1,-1,-1,-1,-1,-1,-1,-1,-1,-1,-1,-1,-1,-1,-1,-1,-1,-1,-1,-1,-1,-1,-1,-1,-1,-1,-1,-1,-1,-1,-1,-1,-1,-1,-1,-1,-1,-1,-1,-1,-1,-1,-1,-1,-1,-1,-1,-1,-1,-1,-1,-1,-1,-1,-1,-1,-1,-1,-1,-1,-1,-1,-1,-1,-1,-1,-1,-1,-1,-1,-1,-1,-1,-1,-1,-1,-1,-1,-1,-1,-1,-1,-1,-1,-1,-1,-1,-1,-1,-1,-1,-1,-1,-1,-1,-1,-1,-1,-1,-1,-1,-1,-1,-1,-1,-1,-1,-1,-1,-1,-1,-1,-1,-1,-1,-1,-1,-1,-1,-1,-1,-1,-1,-1,-1,-1,-1,-1,-1,-1,-1,-1"
                    },
                    "to": {
                        "startLines": "38,48,50,208,210,211,212,214,215,216,217,218,219,220,221,222,223,224,225,226,227,228,229,230,231,282,283,284,285,286,287,288,289,290,291,292,293,294,295,296,297,298,299,300,301,302,303,315,316,317,318,319,320,321,322,323,324,325,326,327,328,329,330,331,332,333,334,335,336,337,338,339,340,341,342,343,344,345,346,347,348,349,350,351,352,353,354,355,356,357,358,359,360,361,362,363,364,365,366,367,368,369,370,371,372,373,374,375,376,377,378,379,380,381,382,383,384,385,386,387,388,389,390,391,392,393,394,395,396,397,398,399,400,401,402,403,404,405,406,407,408,409,410,411,412,474,475,480,481,482,483,484,485,486,662,663,664,665,666,667,668,669,711,712,713,714,718,728,729,734,754,757,758,761,763,784,785,786,787,788,789,790,791,792,793,794,795,796,797,798,799,800,801,802,803,804,805,806,807,808,809,810,932,936,937,938,939,940,961,969,970,974,978,989,994,1022,1029,1033,1037,1042,1046,1050,1054,1058,1062,1066,1072,1076,1082,1086,1092,1096,1101,1105,1108,1112,1118,1122,1128,1132,1138,1141,1145,1149,1153,1157,1161,1162,1163,1164,1167,1170,1173,1176,1180,1181,1182,1183,1221,1224,1226,1228,1230,1235,1236,1240,1246,1250,1251,1253,1264,1265,1269,1275,1279,1334,1335,1339,1366,1370,1371,1375,1913,2083,2109,2280,2306,2337,2345,2351,2365,2387,2392,2397,2407,2416,2425,2429,2436,2444,2451,2452,2461,2464,2467,2471,2475,2479,2482,2483,2488,2493,2503,2508,2515,2521,2522,2525,2529,2534,2536,2538,2541,2544,2546,2550,2553,2560,2563,2566,2570,2572,2576,2578,2580,2582,2586,2594,2602,2614,2620,2629,2632,2643,2646,2647,2652,2653,2843,2912,2986,2987,2997,3006,3007,3009,3013,3016,3019,3022,3025,3028,3031,3034,3038,3041,3044,3047,3051,3054,3058,3175,3176,3177,3178,3179,3180,3181,3182,3183,3184,3185,3186,3187,3188,3189,3190,3191,3192,3193,3194,3195,3197,3199,3200,3201,3202,3203,3204,3205,3206,3208,3209,3211,3212,3214,3216,3217,3219,3220,3221,3222,3223,3224,3226,3227,3228,3229,3230,3358,3360,3362,3364,3365,3366,3367,3368,3369,3370,3371,3372,3373,3374,3375,3376,3378,3379,3380,3381,3382,3383,3385,3389,3512,3513,3514,3515,3516,3517,3521,3522,3523,3674,3676,3678,3680,3682,3684,3685,3686,3687,3689,3691,3693,3694,3695,3696,3697,3698,3699,3700,3701,3702,3703,3704,3707,3708,3709,3710,3712,3714,3715,3717,3718,3720,3722,3724,3725,3726,3727,3728,3729,3730,3731,3732,3733,3734,3735,3737,3738,3739,3740,3742,3743,3744,3745,3746,3748,3750,3752,3754,3755,3756,3757,3758,3759,3760,3761,3762,3763,3764,3765,3766,3767,3768",
                        "startColumns": "4,4,4,4,4,4,4,4,4,4,4,4,4,4,4,4,4,4,4,4,4,4,4,4,4,4,4,4,4,4,4,4,4,4,4,4,4,4,4,4,4,4,4,4,4,4,4,4,4,4,4,4,4,4,4,4,4,4,4,4,4,4,4,4,4,4,4,4,4,4,4,4,4,4,4,4,4,4,4,4,4,4,4,4,4,4,4,4,4,4,4,4,4,4,4,4,4,4,4,4,4,4,4,4,4,4,4,4,4,4,4,4,4,4,4,4,4,4,4,4,4,4,4,4,4,4,4,4,4,4,4,4,4,4,4,4,4,4,4,4,4,4,4,4,4,4,4,4,4,4,4,4,4,4,4,4,4,4,4,4,4,4,4,4,4,4,4,4,4,4,4,4,4,4,4,4,4,4,4,4,4,4,4,4,4,4,4,4,4,4,4,4,4,4,4,4,4,4,4,4,4,4,4,4,4,4,4,4,4,4,4,4,4,4,4,4,4,4,4,4,4,4,4,4,4,4,4,4,4,4,4,4,4,4,4,4,4,4,4,4,4,4,4,4,4,4,4,4,4,4,4,4,4,4,4,4,4,4,4,4,4,4,4,4,4,4,4,4,4,4,4,4,4,4,4,4,4,4,4,4,4,4,4,4,4,4,4,4,4,4,4,4,4,4,4,4,4,4,4,4,4,4,4,4,4,4,4,4,4,4,4,4,4,4,4,4,4,4,4,4,4,4,4,4,4,4,4,4,4,4,4,4,4,4,4,4,4,4,4,4,4,4,4,4,4,4,4,4,4,4,4,4,4,4,4,4,4,4,4,4,4,4,4,4,4,4,4,4,4,4,4,4,4,4,4,4,4,4,4,4,4,4,4,4,4,4,4,4,4,4,4,4,4,4,4,4,4,4,4,4,4,4,4,4,4,4,4,4,4,4,4,4,4,4,4,4,4,4,4,4,4,4,4,4,4,4,4,4,4,4,4,4,4,4,4,4,4,4,4,4,4,4,4,4,4,4,4,4,4,4,4,4,4,4,4,4,4,4,4,4,4,4,4,4,4,4,4,4,4,4,4,4,4,4,4,4,4,4,4,4,4,4,4,4,4,4,4,4,4,4,4,4,4,4,4,4,4,4,4,4,4,4,4,4,4,4,4,4,4,4,4,4,4,4,4,4,4,4,4,4,4,4,4,4,4",
                        "startOffsets": "1898,2355,2453,10503,10603,10658,10717,10841,10922,10983,11058,11134,11211,11289,11374,11456,11532,11608,11685,11763,11869,11975,12054,12134,12191,15736,15810,15885,15950,16016,16076,16137,16209,16282,16349,16417,16476,16535,16594,16653,16712,16766,16820,16873,16927,16981,17035,17875,17949,18028,18101,18175,18246,18318,18390,18463,18520,18578,18651,18725,18799,18874,18946,19019,19089,19160,19220,19281,19350,19419,19489,19563,19639,19703,19780,19856,19933,19998,20067,20144,20219,20288,20356,20433,20499,20560,20657,20722,20791,20890,20961,21020,21078,21135,21194,21258,21329,21401,21473,21545,21617,21684,21752,21820,21879,21942,22006,22096,22187,22247,22313,22380,22446,22516,22580,22633,22700,22761,22828,22941,22999,23062,23127,23192,23267,23340,23412,23461,23522,23583,23644,23706,23770,23834,23898,23963,24026,24086,24147,24213,24272,24332,24394,24465,24525,28487,28573,28865,28955,29042,29130,29212,29295,29385,40963,41015,41073,41118,41184,41248,41305,41362,44069,44126,44174,44223,44418,44917,44964,45203,46218,46362,46426,46616,46729,48116,48190,48260,48338,48392,48462,48547,48595,48641,48702,48765,48831,48895,48966,49029,49094,49158,49219,49280,49332,49405,49479,49548,49623,49697,49771,49912,64164,64400,64478,64568,64656,64752,66006,66588,66677,66924,67205,67871,68156,69904,70381,70603,70825,71101,71328,71558,71788,72018,72248,72475,72894,73120,73545,73775,74203,74422,74705,74913,75044,75271,75697,75922,76349,76570,76995,77115,77391,77692,78016,78307,78621,78758,78889,78994,79236,79403,79607,79815,80086,80198,80310,80415,82360,82574,82720,82860,82946,83294,83382,83628,84046,84295,84377,84475,85067,85167,85419,85843,86098,90065,90154,90391,92415,92657,92759,93012,129410,139942,141458,152089,153617,155374,156000,156420,157481,158746,159002,159238,159785,160279,160884,161082,161662,162226,162601,162719,163257,163414,163610,163883,164139,164309,164450,164514,164879,165246,165922,166186,166524,166877,166971,167157,167463,167725,167850,167977,168216,168427,168546,168739,168916,169371,169552,169674,169933,170046,170233,170335,170442,170571,170846,171354,171850,172727,173021,173591,173740,174472,174644,174728,175064,175156,186275,191521,197254,197316,197894,198478,198569,198682,198911,199071,199223,199394,199560,199729,199896,200059,200302,200472,200645,200816,201090,201289,201494,208201,208285,208381,208477,208575,208675,208777,208879,208981,209083,209185,209285,209381,209493,209622,209745,209876,210007,210105,210219,210313,210453,210587,210683,210795,210895,211011,211107,211219,211319,211459,211595,211759,211889,212047,212197,212338,212482,212617,212729,212879,213007,213135,213271,213403,213533,213663,213775,221365,221511,221655,221793,221859,221949,222025,222129,222219,222321,222429,222537,222637,222717,222809,222907,223017,223095,223201,223293,223397,223507,223629,223792,233153,233233,233333,233423,233533,233623,233864,233958,234064,244429,244529,244641,244755,244871,244987,245081,245195,245307,245409,245529,245651,245733,245837,245957,246083,246181,246275,246363,246475,246591,246713,246825,247000,247116,247202,247294,247406,247530,247597,247723,247791,247919,248063,248191,248260,248355,248470,248583,248682,248791,248902,249013,249114,249219,249319,249449,249540,249663,249757,249869,249955,250059,250155,250243,250361,250465,250569,250695,250783,250891,250991,251081,251191,251275,251377,251461,251515,251579,251685,251771,251881,251965",
                        "endLines": "38,48,50,208,210,211,212,214,215,216,217,218,219,220,221,222,223,224,225,226,227,228,229,230,231,282,283,284,285,286,287,288,289,290,291,292,293,294,295,296,297,298,299,300,301,302,303,315,316,317,318,319,320,321,322,323,324,325,326,327,328,329,330,331,332,333,334,335,336,337,338,339,340,341,342,343,344,345,346,347,348,349,350,351,352,353,354,355,356,357,358,359,360,361,362,363,364,365,366,367,368,369,370,371,372,373,374,375,376,377,378,379,380,381,382,383,384,385,386,387,388,389,390,391,392,393,394,395,396,397,398,399,400,401,402,403,404,405,406,407,408,409,410,411,412,474,475,480,481,482,483,484,485,486,662,663,664,665,666,667,668,669,711,712,713,714,718,728,729,734,754,757,758,761,763,784,785,786,787,788,789,790,791,792,793,794,795,796,797,798,799,800,801,802,803,804,805,806,807,808,809,810,932,936,937,938,939,940,968,969,973,977,981,993,999,1028,1032,1036,1041,1045,1049,1053,1057,1061,1065,1071,1075,1081,1085,1091,1095,1100,1104,1107,1111,1117,1121,1127,1131,1137,1140,1144,1148,1152,1156,1160,1161,1162,1163,1166,1169,1172,1175,1179,1180,1181,1182,1183,1223,1225,1227,1229,1234,1235,1239,1245,1249,1250,1252,1263,1264,1268,1274,1278,1279,1334,1338,1365,1369,1370,1374,1402,2082,2108,2279,2305,2336,2344,2350,2364,2386,2391,2396,2406,2415,2424,2428,2435,2443,2450,2451,2460,2463,2466,2470,2474,2478,2481,2482,2487,2492,2502,2507,2514,2520,2521,2524,2528,2533,2535,2537,2540,2543,2545,2549,2552,2559,2562,2565,2569,2571,2575,2577,2579,2581,2585,2593,2601,2613,2619,2628,2631,2642,2645,2646,2651,2652,2657,2911,2981,2986,2996,3005,3006,3008,3012,3015,3018,3021,3024,3027,3030,3033,3037,3040,3043,3046,3050,3053,3057,3061,3175,3176,3177,3178,3179,3180,3181,3182,3183,3184,3185,3186,3187,3188,3189,3190,3191,3192,3193,3194,3196,3198,3199,3200,3201,3202,3203,3204,3205,3207,3208,3210,3211,3213,3215,3216,3218,3219,3220,3221,3222,3223,3225,3226,3227,3228,3229,3230,3359,3361,3363,3364,3365,3366,3367,3368,3369,3370,3371,3372,3373,3374,3375,3377,3378,3379,3380,3381,3382,3384,3388,3392,3512,3513,3514,3515,3516,3520,3521,3522,3523,3675,3677,3679,3681,3683,3684,3685,3686,3688,3690,3692,3693,3694,3695,3696,3697,3698,3699,3700,3701,3702,3703,3706,3707,3708,3709,3711,3713,3714,3716,3717,3719,3721,3723,3724,3725,3726,3727,3728,3729,3730,3731,3732,3733,3734,3736,3737,3738,3739,3741,3742,3743,3744,3745,3747,3749,3751,3753,3754,3755,3756,3757,3758,3759,3760,3761,3762,3763,3764,3765,3766,3767,3768",
                        "endColumns": "54,44,48,40,54,58,61,80,60,74,75,76,77,84,81,75,75,76,77,105,105,78,79,56,57,73,74,64,65,59,60,71,72,66,67,58,58,58,58,58,53,53,52,53,53,53,53,73,78,72,73,70,71,71,72,56,57,72,73,73,74,71,72,69,70,59,60,68,68,69,73,75,63,76,75,76,64,68,76,74,68,67,76,65,60,96,64,68,98,70,58,57,56,58,63,70,71,71,71,71,66,67,67,58,62,63,89,90,59,65,66,65,69,63,52,66,60,66,112,57,62,64,64,74,72,71,48,60,60,60,61,63,63,63,64,62,59,60,65,58,59,61,70,59,67,85,86,89,86,87,81,82,89,90,51,57,44,65,63,56,56,53,56,47,48,50,33,46,48,45,31,63,61,59,56,73,69,77,53,69,84,47,45,60,62,65,63,70,62,64,63,60,60,51,72,73,68,74,73,73,140,69,52,77,89,87,95,89,12,88,12,12,12,12,12,12,12,12,12,12,12,12,12,12,12,12,12,12,12,12,12,12,12,12,12,12,12,12,12,12,12,12,12,12,12,12,136,130,104,12,12,12,12,12,111,111,104,116,12,12,12,12,12,87,12,12,12,81,12,12,99,12,12,12,93,88,12,12,12,101,12,12,12,12,12,12,12,12,12,12,12,12,12,12,12,12,12,12,12,12,117,12,12,12,12,12,12,12,63,12,12,12,12,12,12,93,12,12,12,12,12,12,12,12,12,12,12,12,12,12,12,12,12,12,12,12,12,12,12,12,12,12,12,12,83,12,91,12,12,12,61,12,12,90,12,12,12,12,12,12,12,12,12,12,12,12,12,12,12,12,12,83,95,95,97,99,101,101,101,101,101,99,95,111,128,122,130,130,97,113,93,12,12,95,111,99,115,95,111,99,12,135,12,129,12,12,140,12,134,111,149,127,127,12,131,129,129,111,139,12,12,12,65,89,75,103,89,101,107,107,99,79,91,97,12,77,105,91,103,109,12,12,12,79,99,89,109,89,12,93,105,91,12,12,12,12,12,93,113,111,12,12,12,81,103,119,125,97,93,87,111,115,121,111,12,115,85,91,12,12,66,12,67,12,12,12,68,94,114,112,98,108,110,110,100,104,99,12,90,122,93,12,85,103,95,87,12,12,12,12,87,107,99,89,109,83,101,83,53,63,105,85,109,83,119",
                        "endOffsets": "1948,2395,2497,10539,10653,10712,10774,10917,10978,11053,11129,11206,11284,11369,11451,11527,11603,11680,11758,11864,11970,12049,12129,12186,12244,15805,15880,15945,16011,16071,16132,16204,16277,16344,16412,16471,16530,16589,16648,16707,16761,16815,16868,16922,16976,17030,17084,17944,18023,18096,18170,18241,18313,18385,18458,18515,18573,18646,18720,18794,18869,18941,19014,19084,19155,19215,19276,19345,19414,19484,19558,19634,19698,19775,19851,19928,19993,20062,20139,20214,20283,20351,20428,20494,20555,20652,20717,20786,20885,20956,21015,21073,21130,21189,21253,21324,21396,21468,21540,21612,21679,21747,21815,21874,21937,22001,22091,22182,22242,22308,22375,22441,22511,22575,22628,22695,22756,22823,22936,22994,23057,23122,23187,23262,23335,23407,23456,23517,23578,23639,23701,23765,23829,23893,23958,24021,24081,24142,24208,24267,24327,24389,24460,24520,24588,28568,28655,28950,29037,29125,29207,29290,29380,29471,41010,41068,41113,41179,41243,41300,41357,41411,44121,44169,44218,44269,44447,44959,45008,45244,46245,46421,46483,46671,46781,48185,48255,48333,48387,48457,48542,48590,48636,48697,48760,48826,48890,48961,49024,49089,49153,49214,49275,49327,49400,49474,49543,49618,49692,49766,49907,49977,64212,64473,64563,64651,64747,64837,66583,66672,66919,67200,67452,68151,68544,70376,70598,70820,71096,71323,71553,71783,72013,72243,72470,72889,73115,73540,73770,74198,74417,74700,74908,75039,75266,75692,75917,76344,76565,76990,77110,77386,77687,78011,78302,78616,78753,78884,78989,79231,79398,79602,79810,80081,80193,80305,80410,80527,82569,82715,82855,82941,83289,83377,83623,84041,84290,84372,84470,85062,85162,85414,85838,86093,86187,90149,90386,92410,92652,92754,93007,95163,139937,141453,152084,153612,155369,155995,156415,157476,158741,158997,159233,159780,160274,160879,161077,161657,162221,162596,162714,163252,163409,163605,163878,164134,164304,164445,164509,164874,165241,165917,166181,166519,166872,166966,167152,167458,167720,167845,167972,168211,168422,168541,168734,168911,169366,169547,169669,169928,170041,170228,170330,170437,170566,170841,171349,171845,172722,173016,173586,173735,174467,174639,174723,175059,175151,175429,191516,196905,197311,197889,198473,198564,198677,198906,199066,199218,199389,199555,199724,199891,200054,200297,200467,200640,200811,201085,201284,201489,201819,208280,208376,208472,208570,208670,208772,208874,208976,209078,209180,209280,209376,209488,209617,209740,209871,210002,210100,210214,210308,210448,210582,210678,210790,210890,211006,211102,211214,211314,211454,211590,211754,211884,212042,212192,212333,212477,212612,212724,212874,213002,213130,213266,213398,213528,213658,213770,213910,221506,221650,221788,221854,221944,222020,222124,222214,222316,222424,222532,222632,222712,222804,222902,223012,223090,223196,223288,223392,223502,223624,223787,223944,233228,233328,233418,233528,233618,233859,233953,234059,234151,244524,244636,244750,244866,244982,245076,245190,245302,245404,245524,245646,245728,245832,245952,246078,246176,246270,246358,246470,246586,246708,246820,246995,247111,247197,247289,247401,247525,247592,247718,247786,247914,248058,248186,248255,248350,248465,248578,248677,248786,248897,249008,249109,249214,249314,249444,249535,249658,249752,249864,249950,250054,250150,250238,250356,250460,250564,250690,250778,250886,250986,251076,251186,251270,251372,251456,251510,251574,251680,251766,251876,251960,252080"
                    }
                },
                {
                    "source": "/Users/marcnguyen/.gradle/caches/transforms-2/files-2.1/3981cec19a17bddac768d603ddda69c3/transition-1.2.0/res/values/values.xml",
                    "from": {
                        "startLines": "-1,-1,-1,-1,-1,-1,-1,-1,-1,-1",
                        "startColumns": "-1,-1,-1,-1,-1,-1,-1,-1,-1,-1",
                        "startOffsets": "-1,-1,-1,-1,-1,-1,-1,-1,-1,-1"
                    },
                    "to": {
                        "startLines": "716,717,727,730,731,749,750,751,752,753",
                        "startColumns": "4,4,4,4,4,4,4,4,4,4",
                        "startOffsets": "44331,44371,44874,45013,45068,45952,46006,46058,46107,46168",
                        "endColumns": "39,46,42,54,46,53,51,48,60,49",
                        "endOffsets": "44366,44413,44912,45063,45110,46001,46053,46102,46163,46213"
                    }
                },
                {
                    "source": "/Users/marcnguyen/.gradle/caches/transforms-2/files-2.1/8b5f852ea07e3e59838d34b817ca41ac/media-1.0.0/res/values/values.xml",
                    "from": {
                        "startLines": "-1,-1,-1,-1,-1,-1,-1,-1,-1,-1",
                        "startColumns": "-1,-1,-1,-1,-1,-1,-1,-1,-1,-1",
                        "startOffsets": "-1,-1,-1,-1,-1,-1,-1,-1,-1,-1"
                    },
                    "to": {
                        "startLines": "314,657,658,659,660,3236,3238,3239,3244,3246",
                        "startColumns": "4,4,4,4,4,4,4,4,4,4",
                        "startOffsets": "17786,40686,40739,40792,40845,214233,214409,214531,214793,214988",
                        "endColumns": "88,52,52,52,52,65,121,60,65,66",
                        "endOffsets": "17870,40734,40787,40840,40893,214294,214526,214587,214854,215050"
                    }
                },
                {
                    "source": "/Users/marcnguyen/.gradle/caches/transforms-2/files-2.1/bcfc0b80df78591183083cc148e1cf2c/core-1.1.0/res/values/values.xml",
                    "from": {
                        "startLines": "-1,-1,-1,-1,-1,-1,-1,-1,-1,-1,-1,-1,-1,-1,-1,-1,-1,-1,-1,-1,-1,-1,-1,-1,-1,-1,-1,-1,-1,-1,-1,-1,-1,-1,-1,-1,-1,-1,-1,-1,-1,-1,-1,-1,-1,-1,-1,-1,-1,-1,-1,-1,-1,-1,-1,-1,-1,-1,-1,-1,-1,-1,-1,-1,-1,-1,-1,-1,-1,-1,-1,-1,-1,-1,-1,-1,-1,-1,-1,-1,-1",
                        "startColumns": "-1,-1,-1,-1,-1,-1,-1,-1,-1,-1,-1,-1,-1,-1,-1,-1,-1,-1,-1,-1,-1,-1,-1,-1,-1,-1,-1,-1,-1,-1,-1,-1,-1,-1,-1,-1,-1,-1,-1,-1,-1,-1,-1,-1,-1,-1,-1,-1,-1,-1,-1,-1,-1,-1,-1,-1,-1,-1,-1,-1,-1,-1,-1,-1,-1,-1,-1,-1,-1,-1,-1,-1,-1,-1,-1,-1,-1,-1,-1,-1,-1",
                        "startOffsets": "-1,-1,-1,-1,-1,-1,-1,-1,-1,-1,-1,-1,-1,-1,-1,-1,-1,-1,-1,-1,-1,-1,-1,-1,-1,-1,-1,-1,-1,-1,-1,-1,-1,-1,-1,-1,-1,-1,-1,-1,-1,-1,-1,-1,-1,-1,-1,-1,-1,-1,-1,-1,-1,-1,-1,-1,-1,-1,-1,-1,-1,-1,-1,-1,-1,-1,-1,-1,-1,-1,-1,-1,-1,-1,-1,-1,-1,-1,-1,-1,-1"
                    },
                    "to": {
                        "startLines": "312,313,420,421,422,423,424,425,426,642,643,644,645,646,647,648,649,650,651,652,653,654,655,656,676,677,678,679,680,681,682,683,684,685,686,687,688,689,690,691,692,693,694,695,696,697,698,699,700,701,702,703,704,705,706,707,708,709,710,720,721,735,736,737,738,739,740,741,742,743,744,748,779,933,3231,3232,3237,3240,3245,3769,3770",
                        "startColumns": "4,4,4,4,4,4,4,4,4,4,4,4,4,4,4,4,4,4,4,4,4,4,4,4,4,4,4,4,4,4,4,4,4,4,4,4,4,4,4,4,4,4,4,4,4,4,4,4,4,4,4,4,4,4,4,4,4,4,4,4,4,4,4,4,4,4,4,4,4,4,4,4,4,4,4,4,4,4,4,4,4",
                        "startOffsets": "17654,17723,24989,25059,25127,25199,25269,25330,25404,39708,39769,39830,39892,39956,40018,40079,40147,40247,40307,40373,40446,40515,40572,40624,41946,42018,42094,42159,42218,42277,42337,42397,42457,42517,42577,42637,42697,42757,42817,42877,42936,42996,43056,43116,43176,43236,43296,43356,43416,43476,43536,43595,43655,43715,43774,43833,43892,43951,44010,44518,44553,45249,45304,45367,45422,45480,45537,45587,45648,45705,45739,45917,47726,64217,213915,214032,214299,214592,214859,252085,252157",
                        "endLines": "312,313,420,421,422,423,424,425,426,642,643,644,645,646,647,648,649,650,651,652,653,654,655,656,676,677,678,679,680,681,682,683,684,685,686,687,688,689,690,691,692,693,694,695,696,697,698,699,700,701,702,703,704,705,706,707,708,709,710,720,721,735,736,737,738,739,740,741,742,743,744,748,779,933,3231,3235,3237,3243,3245,3769,3770",
                        "endColumns": "68,62,69,67,71,69,60,73,72,60,60,61,63,61,60,67,99,59,65,72,68,56,51,61,71,75,64,58,58,59,59,59,59,59,59,59,59,59,59,58,59,59,59,59,59,59,59,59,59,59,58,59,59,58,58,58,58,58,58,34,34,54,62,54,57,56,49,60,56,33,34,34,69,70,116,12,109,12,128,71,66",
                        "endOffsets": "17718,17781,25054,25122,25194,25264,25325,25399,25472,39764,39825,39887,39951,40013,40074,40142,40242,40302,40368,40441,40510,40567,40619,40681,42013,42089,42154,42213,42272,42332,42392,42452,42512,42572,42632,42692,42752,42812,42872,42931,42991,43051,43111,43171,43231,43291,43351,43411,43471,43531,43590,43650,43710,43769,43828,43887,43946,44005,44064,44548,44583,45299,45362,45417,45475,45532,45582,45643,45700,45734,45769,45947,47791,64283,214027,214228,214404,214788,214983,252152,252219"
                    }
                },
                {
                    "source": "/Users/marcnguyen/.gradle/caches/transforms-2/files-2.1/c10a25150d21e57e35afe38f90f6ccd9/jetified-android-image-cropper-2.8.0/res/values/values.xml",
                    "from": {
                        "startLines": "-1,-1,-1,-1,-1,-1,-1,-1,-1",
                        "startColumns": "-1,-1,-1,-1,-1,-1,-1,-1,-1",
                        "startOffsets": "-1,-1,-1,-1,-1,-1,-1,-1,-1"
                    },
                    "to": {
                        "startLines": "841,842,843,844,845,846,847,848,927",
                        "startColumns": "4,4,4,4,4,4,4,4,4",
                        "startOffsets": "53299,53411,53458,53512,53566,53646,53722,53803,63859",
                        "endColumns": "111,46,53,53,79,75,80,63,73",
                        "endOffsets": "53406,53453,53507,53561,53641,53717,53798,53862,63928"
                    }
                },
                {
                    "source": "/Users/marcnguyen/Downloads/SES3/app/build/generated/res/google-services/debug/values/values.xml",
                    "from": {
                        "startLines": "-1,-1,-1,-1,-1,-1,-1,-1",
                        "startColumns": "-1,-1,-1,-1,-1,-1,-1,-1",
                        "startOffsets": "-1,-1,-1,-1,-1,-1,-1,-1"
                    },
                    "to": {
                        "startLines": "849,859,860,861,862,863,864,928",
                        "startColumns": "4,4,4,4,4,4,4,4",
                        "startOffsets": "53867,54751,54857,54939,55043,55152,55272,63933",
                        "endColumns": "143,105,81,103,108,119,94,71",
                        "endOffsets": "54006,54852,54934,55038,55147,55267,55362,64000"
                    }
                },
                {
                    "source": "/Users/marcnguyen/.gradle/caches/transforms-2/files-2.1/923cd97b32caebf2e6b5629d421a10e9/cardview-1.0.0/res/values/values.xml",
                    "from": {
                        "startLines": "-1,-1,-1,-1,-1,-1,-1,-1,-1,-1,-1,-1",
                        "startColumns": "-1,-1,-1,-1,-1,-1,-1,-1,-1,-1,-1,-1",
                        "startOffsets": "-1,-1,-1,-1,-1,-1,-1,-1,-1,-1,-1,-1"
                    },
                    "to": {
                        "startLines": "17,232,233,234,235,417,418,419,982,2786,2788,2791",
                        "startColumns": "4,4,4,4,4,4,4,4,4,4,4,4",
                        "startOffsets": "820,12249,12310,12372,12434,24819,24878,24935,67457,182422,182486,182612",
                        "endLines": "17,232,233,234,235,417,418,419,988,2787,2790,2793",
                        "endColumns": "51,60,61,61,63,58,56,53,12,12,12,12",
                        "endOffsets": "867,12305,12367,12429,12493,24873,24930,24984,67866,182481,182607,182735"
                    }
                },
                {
                    "source": "/Users/marcnguyen/Downloads/SES3/app/src/main/res/values/colors.xml",
                    "from": {
                        "startLines": "-1,-1,-1",
                        "startColumns": "-1,-1,-1",
                        "startOffsets": "-1,-1,-1"
                    },
                    "to": {
                        "startLines": "236,237,238",
                        "startColumns": "4,4,4",
                        "startOffsets": "12498,12544,12591",
                        "endColumns": "45,46,50",
                        "endOffsets": "12539,12586,12637"
                    }
                },
                {
                    "source": "/Users/marcnguyen/.gradle/caches/transforms-2/files-2.1/ab59cdeb8cbd2376f33998358a4afc35/fragment-1.2.4/res/values/values.xml",
                    "from": {
                        "startLines": "-1,-1",
                        "startColumns": "-1,-1",
                        "startOffsets": "-1,-1"
                    },
                    "to": {
                        "startLines": "715,756",
                        "startColumns": "4,4",
                        "startOffsets": "44274,46298",
                        "endColumns": "56,63",
                        "endOffsets": "44326,46357"
                    }
                },
                {
                    "source": "/Users/marcnguyen/.gradle/caches/transforms-2/files-2.1/75e7c473eccef2b3a0eec97fa3a7825b/jetified-play-services-base-17.1.0/res/values/values.xml",
                    "from": {
                        "startLines": "-1,-1,-1,-1,-1,-1,-1,-1,-1,-1,-1,-1,-1,-1,-1,-1,-1,-1,-1,-1,-1,-1,-1,-1,-1",
                        "startColumns": "-1,-1,-1,-1,-1,-1,-1,-1,-1,-1,-1,-1,-1,-1,-1,-1,-1,-1,-1,-1,-1,-1,-1,-1,-1",
                        "startOffsets": "-1,-1,-1,-1,-1,-1,-1,-1,-1,-1,-1,-1,-1,-1,-1,-1,-1,-1,-1,-1,-1,-1,-1,-1,-1"
                    },
                    "to": {
                        "startLines": "239,240,241,242,243,244,245,246,823,824,825,826,827,828,829,830,832,833,834,835,836,837,838,839,840",
                        "startColumns": "4,4,4,4,4,4,4,4,4,4,4,4,4,4,4,4,4,4,4,4,4,4,4,4,4",
                        "startOffsets": "12642,12732,12812,12902,12992,13072,13153,13233,50966,51071,51252,51377,51484,51664,51787,51903,52173,52361,52466,52647,52772,52947,53095,53158,53220",
                        "endColumns": "89,79,89,89,79,80,79,79,104,180,124,106,179,122,115,102,187,104,180,124,174,147,62,61,78",
                        "endOffsets": "12727,12807,12897,12987,13067,13148,13228,13308,51066,51247,51372,51479,51659,51782,51898,52001,52356,52461,52642,52767,52942,53090,53153,53215,53294"
                    }
                },
                {
                    "source": "/Users/marcnguyen/.gradle/caches/transforms-2/files-2.1/164bb505b81f338baa0db13edd04c1d1/jetified-play-services-basement-17.0.0/res/values/values.xml",
                    "from": {
                        "startLines": "-1,-1",
                        "startColumns": "-1,-1",
                        "startOffsets": "-1,-1"
                    },
                    "to": {
                        "startLines": "766,831",
                        "startColumns": "4,4",
                        "startOffsets": "46921,52006",
                        "endColumns": "67,166",
                        "endOffsets": "46984,52168"
                    }
                },
                {
                    "source": "/Users/marcnguyen/.gradle/caches/transforms-2/files-2.1/6029c1862846be4a7ec1743d4d20ec64/material-1.1.0/res/values/values.xml",
                    "from": {
                        "startLines": "-1,-1,-1,-1,-1,-1,-1,-1,-1,-1,-1,-1,-1,-1,-1,-1,-1,-1,-1,-1,-1,-1,-1,-1,-1,-1,-1,-1,-1,-1,-1,-1,-1,-1,-1,-1,-1,-1,-1,-1,-1,-1,-1,-1,-1,-1,-1,-1,-1,-1,-1,-1,-1,-1,-1,-1,-1,-1,-1,-1,-1,-1,-1,-1,-1,-1,-1,-1,-1,-1,-1,-1,-1,-1,-1,-1,-1,-1,-1,-1,-1,-1,-1,-1,-1,-1,-1,-1,-1,-1,-1,-1,-1,-1,-1,-1,-1,-1,-1,-1,-1,-1,-1,-1,-1,-1,-1,-1,-1,-1,-1,-1,-1,-1,-1,-1,-1,-1,-1,-1,-1,-1,-1,-1,-1,-1,-1,-1,-1,-1,-1,-1,-1,-1,-1,-1,-1,-1,-1,-1,-1,-1,-1,-1,-1,-1,-1,-1,-1,-1,-1,-1,-1,-1,-1,-1,-1,-1,-1,-1,-1,-1,-1,-1,-1,-1,-1,-1,-1,-1,-1,-1,-1,-1,-1,-1,-1,-1,-1,-1,-1,-1,-1,-1,-1,-1,-1,-1,-1,-1,-1,-1,-1,-1,-1,-1,-1,-1,-1,-1,-1,-1,-1,-1,-1,-1,-1,-1,-1,-1,-1,-1,-1,-1,-1,-1,-1,-1,-1,-1,-1,-1,-1,-1,-1,-1,-1,-1,-1,-1,-1,-1,-1,-1,-1,-1,-1,-1,-1,-1,-1,-1,-1,-1,-1,-1,-1,-1,-1,-1,-1,-1,-1,-1,-1,-1,-1,-1,-1,-1,-1,-1,-1,-1,-1,-1,-1,-1,-1,-1,-1,-1,-1,-1,-1,-1,-1,-1,-1,-1,-1,-1,-1,-1,-1,-1,-1,-1,-1,-1,-1,-1,-1,-1,-1,-1,-1,-1,-1,-1,-1,-1,-1,-1,-1,-1,-1,-1,-1,-1,-1,-1,-1,-1,-1,-1,-1,-1,-1,-1,-1,-1,-1,-1,-1,-1,-1,-1,-1,-1,-1,-1,-1,-1,-1,-1,-1,-1,-1,-1,-1,-1,-1,-1,-1,-1,-1,-1,-1,-1,-1,-1,-1,-1,-1,-1,-1,-1,-1,-1,-1,-1,-1,-1,-1,-1,-1,-1,-1,-1,-1,-1,-1,-1,-1,-1,-1,-1,-1,-1,-1,-1,-1,-1,-1,-1,-1,-1,-1,-1,-1,-1,-1,-1,-1,-1,-1,-1,-1,-1,-1,-1,-1,-1,-1,-1,-1,-1,-1,-1,-1,-1,-1,-1,-1,-1,-1,-1,-1,-1,-1,-1,-1,-1,-1,-1,-1,-1,-1,-1,-1,-1,-1,-1,-1,-1,-1,-1,-1,-1,-1,-1,-1,-1,-1,-1,-1,-1,-1,-1,-1,-1,-1,-1,-1,-1,-1,-1,-1,-1,-1,-1,-1,-1,-1,-1,-1,-1,-1,-1,-1,-1,-1,-1,-1,-1,-1,-1,-1,-1,-1,-1,-1,-1,-1,-1,-1,-1,-1,-1,-1,-1,-1,-1,-1,-1,-1,-1,-1,-1,-1,-1,-1,-1,-1,-1,-1,-1,-1,-1,-1,-1,-1,-1,-1,-1,-1,-1,-1,-1,-1,-1,-1,-1,-1,-1,-1,-1,-1,-1,-1,-1,-1,-1,-1,-1,-1,-1,-1,-1,-1,-1,-1,-1,-1,-1,-1,-1,-1,-1,-1,-1,-1,-1,-1,-1,-1,-1,-1,-1,-1,-1,-1,-1,-1,-1,-1,-1,-1,-1,-1,-1,-1,-1,-1,-1,-1,-1,-1,-1,-1,-1,-1,-1,-1,-1,-1,-1,-1,-1,-1,-1,-1,-1,-1,-1,-1,-1,-1,-1,-1,-1,-1,-1,-1,-1,-1,-1,-1,-1,-1,-1,-1,-1,-1,-1,-1,-1,-1,-1,-1,-1,-1,-1,-1,-1,-1,-1,-1,-1,-1,-1,-1,-1,-1,-1,-1,-1,-1,-1,-1,-1,-1,-1,-1,-1,-1,-1,-1,-1,-1,-1,-1,-1,-1,-1,-1,-1,-1,-1,-1,-1,-1,-1,-1,-1,-1,-1,-1,-1,-1,-1,-1,-1,-1,-1,-1,-1,-1,-1,-1,-1,-1,-1,-1,-1,-1,-1,-1,-1,-1,-1,-1,-1,-1,-1,-1,-1,-1,-1,-1,-1,-1,-1,-1,-1,-1,-1,-1,-1,-1,-1",
                        "startColumns": "-1,-1,-1,-1,-1,-1,-1,-1,-1,-1,-1,-1,-1,-1,-1,-1,-1,-1,-1,-1,-1,-1,-1,-1,-1,-1,-1,-1,-1,-1,-1,-1,-1,-1,-1,-1,-1,-1,-1,-1,-1,-1,-1,-1,-1,-1,-1,-1,-1,-1,-1,-1,-1,-1,-1,-1,-1,-1,-1,-1,-1,-1,-1,-1,-1,-1,-1,-1,-1,-1,-1,-1,-1,-1,-1,-1,-1,-1,-1,-1,-1,-1,-1,-1,-1,-1,-1,-1,-1,-1,-1,-1,-1,-1,-1,-1,-1,-1,-1,-1,-1,-1,-1,-1,-1,-1,-1,-1,-1,-1,-1,-1,-1,-1,-1,-1,-1,-1,-1,-1,-1,-1,-1,-1,-1,-1,-1,-1,-1,-1,-1,-1,-1,-1,-1,-1,-1,-1,-1,-1,-1,-1,-1,-1,-1,-1,-1,-1,-1,-1,-1,-1,-1,-1,-1,-1,-1,-1,-1,-1,-1,-1,-1,-1,-1,-1,-1,-1,-1,-1,-1,-1,-1,-1,-1,-1,-1,-1,-1,-1,-1,-1,-1,-1,-1,-1,-1,-1,-1,-1,-1,-1,-1,-1,-1,-1,-1,-1,-1,-1,-1,-1,-1,-1,-1,-1,-1,-1,-1,-1,-1,-1,-1,-1,-1,-1,-1,-1,-1,-1,-1,-1,-1,-1,-1,-1,-1,-1,-1,-1,-1,-1,-1,-1,-1,-1,-1,-1,-1,-1,-1,-1,-1,-1,-1,-1,-1,-1,-1,-1,-1,-1,-1,-1,-1,-1,-1,-1,-1,-1,-1,-1,-1,-1,-1,-1,-1,-1,-1,-1,-1,-1,-1,-1,-1,-1,-1,-1,-1,-1,-1,-1,-1,-1,-1,-1,-1,-1,-1,-1,-1,-1,-1,-1,-1,-1,-1,-1,-1,-1,-1,-1,-1,-1,-1,-1,-1,-1,-1,-1,-1,-1,-1,-1,-1,-1,-1,-1,-1,-1,-1,-1,-1,-1,-1,-1,-1,-1,-1,-1,-1,-1,-1,-1,-1,-1,-1,-1,-1,-1,-1,-1,-1,-1,-1,-1,-1,-1,-1,-1,-1,-1,-1,-1,-1,-1,-1,-1,-1,-1,-1,-1,-1,-1,-1,-1,-1,-1,-1,-1,-1,-1,-1,-1,-1,-1,-1,-1,-1,-1,-1,-1,-1,-1,-1,-1,-1,-1,-1,-1,-1,-1,-1,-1,-1,-1,-1,-1,-1,-1,-1,-1,-1,-1,-1,-1,-1,-1,-1,-1,-1,-1,-1,-1,-1,-1,-1,-1,-1,-1,-1,-1,-1,-1,-1,-1,-1,-1,-1,-1,-1,-1,-1,-1,-1,-1,-1,-1,-1,-1,-1,-1,-1,-1,-1,-1,-1,-1,-1,-1,-1,-1,-1,-1,-1,-1,-1,-1,-1,-1,-1,-1,-1,-1,-1,-1,-1,-1,-1,-1,-1,-1,-1,-1,-1,-1,-1,-1,-1,-1,-1,-1,-1,-1,-1,-1,-1,-1,-1,-1,-1,-1,-1,-1,-1,-1,-1,-1,-1,-1,-1,-1,-1,-1,-1,-1,-1,-1,-1,-1,-1,-1,-1,-1,-1,-1,-1,-1,-1,-1,-1,-1,-1,-1,-1,-1,-1,-1,-1,-1,-1,-1,-1,-1,-1,-1,-1,-1,-1,-1,-1,-1,-1,-1,-1,-1,-1,-1,-1,-1,-1,-1,-1,-1,-1,-1,-1,-1,-1,-1,-1,-1,-1,-1,-1,-1,-1,-1,-1,-1,-1,-1,-1,-1,-1,-1,-1,-1,-1,-1,-1,-1,-1,-1,-1,-1,-1,-1,-1,-1,-1,-1,-1,-1,-1,-1,-1,-1,-1,-1,-1,-1,-1,-1,-1,-1,-1,-1,-1,-1,-1,-1,-1,-1,-1,-1,-1,-1,-1,-1,-1,-1,-1,-1,-1,-1,-1,-1,-1,-1,-1,-1,-1,-1,-1,-1,-1,-1,-1,-1,-1,-1,-1,-1,-1,-1,-1,-1,-1,-1,-1,-1,-1,-1,-1,-1,-1,-1,-1,-1,-1,-1,-1,-1,-1,-1,-1,-1,-1,-1,-1,-1,-1,-1,-1,-1,-1,-1,-1,-1,-1,-1,-1,-1,-1,-1,-1,-1,-1,-1,-1,-1,-1,-1,-1,-1,-1,-1,-1,-1,-1,-1,-1,-1,-1,-1,-1,-1,-1,-1,-1,-1",
                        "startOffsets": "-1,-1,-1,-1,-1,-1,-1,-1,-1,-1,-1,-1,-1,-1,-1,-1,-1,-1,-1,-1,-1,-1,-1,-1,-1,-1,-1,-1,-1,-1,-1,-1,-1,-1,-1,-1,-1,-1,-1,-1,-1,-1,-1,-1,-1,-1,-1,-1,-1,-1,-1,-1,-1,-1,-1,-1,-1,-1,-1,-1,-1,-1,-1,-1,-1,-1,-1,-1,-1,-1,-1,-1,-1,-1,-1,-1,-1,-1,-1,-1,-1,-1,-1,-1,-1,-1,-1,-1,-1,-1,-1,-1,-1,-1,-1,-1,-1,-1,-1,-1,-1,-1,-1,-1,-1,-1,-1,-1,-1,-1,-1,-1,-1,-1,-1,-1,-1,-1,-1,-1,-1,-1,-1,-1,-1,-1,-1,-1,-1,-1,-1,-1,-1,-1,-1,-1,-1,-1,-1,-1,-1,-1,-1,-1,-1,-1,-1,-1,-1,-1,-1,-1,-1,-1,-1,-1,-1,-1,-1,-1,-1,-1,-1,-1,-1,-1,-1,-1,-1,-1,-1,-1,-1,-1,-1,-1,-1,-1,-1,-1,-1,-1,-1,-1,-1,-1,-1,-1,-1,-1,-1,-1,-1,-1,-1,-1,-1,-1,-1,-1,-1,-1,-1,-1,-1,-1,-1,-1,-1,-1,-1,-1,-1,-1,-1,-1,-1,-1,-1,-1,-1,-1,-1,-1,-1,-1,-1,-1,-1,-1,-1,-1,-1,-1,-1,-1,-1,-1,-1,-1,-1,-1,-1,-1,-1,-1,-1,-1,-1,-1,-1,-1,-1,-1,-1,-1,-1,-1,-1,-1,-1,-1,-1,-1,-1,-1,-1,-1,-1,-1,-1,-1,-1,-1,-1,-1,-1,-1,-1,-1,-1,-1,-1,-1,-1,-1,-1,-1,-1,-1,-1,-1,-1,-1,-1,-1,-1,-1,-1,-1,-1,-1,-1,-1,-1,-1,-1,-1,-1,-1,-1,-1,-1,-1,-1,-1,-1,-1,-1,-1,-1,-1,-1,-1,-1,-1,-1,-1,-1,-1,-1,-1,-1,-1,-1,-1,-1,-1,-1,-1,-1,-1,-1,-1,-1,-1,-1,-1,-1,-1,-1,-1,-1,-1,-1,-1,-1,-1,-1,-1,-1,-1,-1,-1,-1,-1,-1,-1,-1,-1,-1,-1,-1,-1,-1,-1,-1,-1,-1,-1,-1,-1,-1,-1,-1,-1,-1,-1,-1,-1,-1,-1,-1,-1,-1,-1,-1,-1,-1,-1,-1,-1,-1,-1,-1,-1,-1,-1,-1,-1,-1,-1,-1,-1,-1,-1,-1,-1,-1,-1,-1,-1,-1,-1,-1,-1,-1,-1,-1,-1,-1,-1,-1,-1,-1,-1,-1,-1,-1,-1,-1,-1,-1,-1,-1,-1,-1,-1,-1,-1,-1,-1,-1,-1,-1,-1,-1,-1,-1,-1,-1,-1,-1,-1,-1,-1,-1,-1,-1,-1,-1,-1,-1,-1,-1,-1,-1,-1,-1,-1,-1,-1,-1,-1,-1,-1,-1,-1,-1,-1,-1,-1,-1,-1,-1,-1,-1,-1,-1,-1,-1,-1,-1,-1,-1,-1,-1,-1,-1,-1,-1,-1,-1,-1,-1,-1,-1,-1,-1,-1,-1,-1,-1,-1,-1,-1,-1,-1,-1,-1,-1,-1,-1,-1,-1,-1,-1,-1,-1,-1,-1,-1,-1,-1,-1,-1,-1,-1,-1,-1,-1,-1,-1,-1,-1,-1,-1,-1,-1,-1,-1,-1,-1,-1,-1,-1,-1,-1,-1,-1,-1,-1,-1,-1,-1,-1,-1,-1,-1,-1,-1,-1,-1,-1,-1,-1,-1,-1,-1,-1,-1,-1,-1,-1,-1,-1,-1,-1,-1,-1,-1,-1,-1,-1,-1,-1,-1,-1,-1,-1,-1,-1,-1,-1,-1,-1,-1,-1,-1,-1,-1,-1,-1,-1,-1,-1,-1,-1,-1,-1,-1,-1,-1,-1,-1,-1,-1,-1,-1,-1,-1,-1,-1,-1,-1,-1,-1,-1,-1,-1,-1,-1,-1,-1,-1,-1,-1,-1,-1,-1,-1,-1,-1,-1,-1,-1,-1,-1,-1,-1,-1,-1,-1,-1,-1,-1,-1,-1,-1,-1,-1,-1,-1,-1,-1,-1,-1,-1,-1,-1,-1,-1,-1,-1,-1,-1,-1,-1,-1,-1,-1,-1,-1,-1,-1,-1,-1,-1,-1,-1,-1,-1"
                    },
                    "to": {
                        "startLines": "2,3,13,14,15,16,19,20,21,22,23,24,25,26,27,28,29,30,31,32,33,39,40,45,46,47,49,51,52,53,54,163,164,165,166,167,168,169,170,171,172,173,174,175,176,177,178,179,180,182,183,184,185,186,187,188,189,190,191,192,193,194,195,196,197,198,199,200,201,202,203,204,205,206,207,209,213,247,248,249,250,251,252,253,254,255,256,257,258,259,260,261,262,263,264,265,266,267,268,269,270,271,272,273,274,275,276,277,278,279,280,281,304,305,306,307,308,309,310,311,413,416,427,428,429,430,431,432,433,434,435,436,437,438,439,440,441,442,443,444,445,446,447,448,449,450,451,452,453,454,455,456,457,458,459,460,461,462,463,464,465,466,467,468,469,470,471,472,473,490,491,492,493,494,495,496,497,498,499,500,501,502,503,504,505,506,507,508,509,510,511,512,513,514,515,516,517,518,519,520,521,522,523,524,525,526,527,528,529,530,531,532,533,534,535,536,537,538,539,540,541,542,543,544,545,546,547,548,549,550,551,552,553,554,555,556,557,558,559,560,561,562,563,564,565,566,567,568,569,570,571,572,573,574,575,576,577,578,579,580,581,582,583,584,585,586,587,588,589,590,591,592,593,594,595,596,597,598,599,600,601,602,603,604,605,606,607,608,609,610,611,612,613,614,615,616,617,618,619,620,621,622,623,624,625,626,627,628,629,630,631,632,633,634,635,636,637,638,639,661,722,723,724,732,733,745,746,747,755,759,760,764,765,767,768,769,770,771,772,773,774,775,776,777,778,780,816,817,818,819,820,821,822,854,855,856,857,866,868,875,876,877,878,879,880,881,882,883,884,885,886,887,888,889,890,891,892,893,894,895,896,897,898,899,900,901,902,903,904,905,906,907,908,919,920,921,922,923,941,945,1000,1007,1014,1184,1194,1203,1212,1280,1281,1282,1287,1288,1292,1293,1299,1303,1304,1305,1306,1316,1317,1318,1322,1323,1329,1333,1403,1404,1405,1406,1472,1520,1578,1626,1691,1739,1787,1845,1893,1897,1901,2658,2673,2685,2686,2733,2737,2738,2739,2742,2752,2785,2794,2795,2807,2811,2816,2821,2826,2829,2832,2835,2839,2982,2983,2984,2985,3062,3065,3068,3071,3074,3078,3079,3082,3085,3088,3091,3095,3098,3102,3105,3108,3111,3114,3118,3121,3124,3128,3131,3141,3149,3157,3160,3163,3166,3169,3172,3247,3250,3251,3254,3257,3258,3261,3265,3270,3271,3279,3287,3288,3296,3300,3308,3316,3324,3332,3340,3341,3349,3357,3393,3395,3400,3402,3407,3411,3415,3416,3421,3422,3423,3424,3425,3426,3427,3428,3429,3430,3431,3432,3433,3434,3435,3436,3437,3438,3439,3440,3441,3445,3446,3447,3453,3454,3458,3460,3461,3464,3469,3470,3471,3472,3473,3474,3478,3479,3480,3486,3487,3491,3493,3496,3500,3504,3508,3524,3525,3526,3527,3535,3543,3546,3551,3556,3561,3566,3570,3574,3583,3591,3592,3593,3594,3595,3603,3612,3617,3622,3623,3624,3625,3643,3647,3652,3655,3659,3662,3666,3670,3771,3779,3788,3801,3805,3820,3828,3831,3842,3847,3876,3880,3881,3888,3892,3893,3894,3897,3901,3905,3906,3910,3915,3927,3931,3932,3944,3954,3955,3965,3970,3992,3995,4001,4004,4013,4021,4025,4028,4031,4034,4038,4041,4056,4060,4063,4078,4081,4089,4094,4100,4106,4112,4142,4153,4170,4177,4180,4192,4201,4205,4210,4214,4218,4222,4226,4230,4233,4242,4247,4256,4260,4267,4276,4282,4286,4304,4305,4306,4307,4308,4316,4320,4332,4339,4340,4344,4348,4349,4353,4367,4373,4379,4385,4391,4396,4402,4408,4409,4418,4426,4427",
                        "startColumns": "4,4,4,4,4,4,4,4,4,4,4,4,4,4,4,4,4,4,4,4,4,4,4,4,4,4,4,4,4,4,4,4,4,4,4,4,4,4,4,4,4,4,4,4,4,4,4,4,4,4,4,4,4,4,4,4,4,4,4,4,4,4,4,4,4,4,4,4,4,4,4,4,4,4,4,4,4,4,4,4,4,4,4,4,4,4,4,4,4,4,4,4,4,4,4,4,4,4,4,4,4,4,4,4,4,4,4,4,4,4,4,4,4,4,4,4,4,4,4,4,4,4,4,4,4,4,4,4,4,4,4,4,4,4,4,4,4,4,4,4,4,4,4,4,4,4,4,4,4,4,4,4,4,4,4,4,4,4,4,4,4,4,4,4,4,4,4,4,4,4,4,4,4,4,4,4,4,4,4,4,4,4,4,4,4,4,4,4,4,4,4,4,4,4,4,4,4,4,4,4,4,4,4,4,4,4,4,4,4,4,4,4,4,4,4,4,4,4,4,4,4,4,4,4,4,4,4,4,4,4,4,4,4,4,4,4,4,4,4,4,4,4,4,4,4,4,4,4,4,4,4,4,4,4,4,4,4,4,4,4,4,4,4,4,4,4,4,4,4,4,4,4,4,4,4,4,4,4,4,4,4,4,4,4,4,4,4,4,4,4,4,4,4,4,4,4,4,4,4,4,4,4,4,4,4,4,4,4,4,4,4,4,4,4,4,4,4,4,4,4,4,4,4,4,4,4,4,4,4,4,4,4,4,4,4,4,4,4,4,4,4,4,4,4,4,4,4,4,4,4,4,4,4,4,4,4,4,4,4,4,4,4,4,4,4,4,4,4,4,4,4,4,4,4,4,4,4,4,4,4,4,4,4,4,4,4,4,4,4,4,4,4,4,4,4,4,4,4,4,4,4,4,4,4,4,4,4,4,4,4,4,4,4,4,4,4,4,4,4,4,4,4,4,4,4,4,4,4,4,4,4,4,4,4,4,4,4,4,4,4,4,4,4,4,4,4,4,4,4,4,4,4,4,4,4,4,4,4,4,4,4,4,4,4,4,4,4,4,4,4,4,4,4,4,4,4,4,4,4,4,4,4,4,4,4,4,4,4,4,4,4,4,4,4,4,4,4,4,4,4,4,4,4,4,4,4,4,4,4,4,4,4,4,4,4,4,4,4,4,4,4,4,4,4,4,4,4,4,4,4,4,4,4,4,4,4,4,4,4,4,4,4,4,4,4,4,4,4,4,4,4,4,4,4,4,4,4,4,4,4,4,4,4,4,4,4,4,4,4,4,4,4,4,4,4,4,4,4,4,4,4,4,4,4,4,4,4,4,4,4,4,4,4,4,4,4,4,4,4,4,4,4,4,4,4,4,4,4,4,4,4,4,4,4,4,4,4,4,4,4,4,4,4,4,4,4,4,4,4,4,4,4,4,4,4,4,4,4,4,4,4,4,4,4,4,4,4,4,4,4,4,4,4,4,4,4,4,4,4,4,4,4,4,4,4,4,4,4,4,4,4,4,4,4,4,4,4,4,4,4,4,4,4,4,4,4,4,4,4,4,4,4,4,4,4,4,4,4,4,4,4,4,4,4,4,4,4,4,4,4,4,4",
                        "startOffsets": "150,187,588,644,704,765,920,970,1023,1081,1129,1166,1213,1262,1318,1369,1418,1472,1526,1575,1631,1953,2009,2196,2257,2310,2400,2502,2554,2612,2677,7770,7836,7894,7963,8021,8091,8165,8233,8300,8370,8436,8509,8569,8629,8689,8748,8805,8863,8977,9023,9083,9151,9220,9288,9341,9393,9439,9489,9536,9594,9652,9711,9771,9833,9895,9957,10019,10081,10143,10211,10272,10334,10396,10449,10544,10779,13313,13387,13458,13524,13598,13667,13738,13811,13882,13950,14023,14099,14169,14247,14315,14381,14442,14511,14575,14641,14709,14775,14838,14906,14977,15042,15115,15178,15259,15323,15389,15459,15529,15599,15669,17089,17154,17220,17273,17349,17415,17502,17578,24593,24754,25477,25527,25581,25660,25738,25811,25876,25939,26005,26076,26147,26209,26278,26344,26404,26471,26538,26594,26645,26698,26750,26804,26875,26938,26997,27059,27118,27191,27258,27318,27381,27456,27528,27624,27695,27751,27822,27879,27936,28002,28066,28137,28194,28247,28310,28362,28420,29699,29783,29868,29949,30017,30094,30167,30237,30309,30379,30452,30516,30586,30634,30703,30755,30813,30879,30946,31012,31093,31168,31224,31277,31338,31396,31446,31495,31544,31593,31655,31707,31752,31833,31887,31940,31994,32045,32094,32145,32206,32267,32329,32379,32420,32479,32538,32597,32658,32714,32770,32837,32898,32963,33018,33083,33152,33220,33298,33367,33427,33498,33572,33637,33709,33779,33846,33930,33999,34066,34136,34199,34266,34334,34417,34496,34586,34663,34731,34798,34876,34933,34990,35058,35124,35180,35240,35299,35353,35403,35453,35501,35563,35614,35687,35767,35847,35911,35974,36041,36112,36170,36231,36297,36356,36423,36483,36543,36606,36674,36735,36802,36880,36950,36999,37056,37125,37186,37274,37362,37450,37538,37594,37681,37768,37855,37942,38000,38056,38127,38192,38254,38329,38402,38471,38541,38610,38704,38773,38874,38925,38983,39053,39122,39192,39262,39332,39399,39474,39541,40898,44588,44644,44702,45115,45160,45774,45821,45866,46250,46488,46554,46786,46849,46989,47046,47109,47166,47226,47291,47358,47423,47480,47541,47599,47669,47796,50258,50408,50539,50637,50752,50839,50887,54227,54292,54381,54538,55437,55642,56064,56242,56424,56606,56788,56978,57168,57367,57540,57650,57835,57972,58192,58376,58536,58694,58878,59081,59252,59472,59694,59849,60056,60240,60343,60484,60649,60820,61020,61224,61426,61631,61832,62031,62902,62980,63281,63447,63602,64842,65119,68549,68939,69395,80532,81046,81483,81917,86192,86285,86392,86735,86842,87071,87192,87601,87833,87933,88038,88157,88666,88813,88932,89167,89300,89715,89953,95168,95289,95422,95569,100238,103211,107404,110391,114967,117903,120855,124949,127899,128129,128372,175434,176281,177100,177191,179322,179532,179641,179760,179944,180520,182327,182740,182771,183641,183927,184330,184732,185075,185287,185488,185701,185990,196910,196983,197070,197155,201824,201944,202105,202268,202429,202594,202647,202780,202900,202998,203111,203304,203430,203587,203729,203899,204055,204227,204518,204630,204759,204988,205206,206061,206648,207262,207430,207572,207733,207876,208044,215055,215250,215342,215515,215677,215772,215941,216184,216477,216591,217000,217414,217530,217948,218189,218619,219054,219464,219886,220296,220418,220827,221243,223949,224017,224361,224441,224797,224947,225091,225175,225552,225650,225758,225852,225982,226090,226212,226348,226456,226576,226710,226832,226960,227102,227228,227368,227494,227612,227744,227842,227952,228236,228348,228466,228930,229046,229333,229459,229555,229685,230074,230184,230308,230446,230556,230678,230974,231098,231228,231704,231832,232131,232269,232415,232577,232793,232949,234156,234224,234308,234412,234867,235391,235549,235768,235999,236222,236457,236679,236945,237537,238136,238250,238394,238506,238630,239201,239799,240294,240840,240985,241078,241170,242467,242855,243153,243342,243548,243741,243951,244168,252224,252656,253180,253824,254021,254969,255526,255649,256422,256643,258224,258459,258583,258995,259209,259312,259442,259617,259864,260055,260195,260389,260659,261360,261648,261778,262543,263188,263334,263895,264133,265556,265706,266123,266288,266974,267444,267640,267731,267815,267959,268193,268360,269134,269420,269580,270195,270354,270682,270909,271274,271645,272006,273786,274415,275460,275884,276036,277026,277763,277966,278212,278459,278701,279022,279327,279550,279722,280263,280532,281026,281287,281727,282472,282837,283142,284432,284538,284668,284806,284930,285392,285693,286448,286887,287011,287252,287440,287574,287765,288544,288813,289104,289383,289700,289922,290217,290500,290604,291155,291625,291745",
                        "endLines": "2,3,13,14,15,16,19,20,21,22,23,24,25,26,27,28,29,30,31,32,33,39,40,45,46,47,49,51,52,53,54,163,164,165,166,167,168,169,170,171,172,173,174,175,176,177,178,179,180,182,183,184,185,186,187,188,189,190,191,192,193,194,195,196,197,198,199,200,201,202,203,204,205,206,207,209,213,247,248,249,250,251,252,253,254,255,256,257,258,259,260,261,262,263,264,265,266,267,268,269,270,271,272,273,274,275,276,277,278,279,280,281,304,305,306,307,308,309,310,311,413,416,427,428,429,430,431,432,433,434,435,436,437,438,439,440,441,442,443,444,445,446,447,448,449,450,451,452,453,454,455,456,457,458,459,460,461,462,463,464,465,466,467,468,469,470,471,472,473,490,491,492,493,494,495,496,497,498,499,500,501,502,503,504,505,506,507,508,509,510,511,512,513,514,515,516,517,518,519,520,521,522,523,524,525,526,527,528,529,530,531,532,533,534,535,536,537,538,539,540,541,542,543,544,545,546,547,548,549,550,551,552,553,554,555,556,557,558,559,560,561,562,563,564,565,566,567,568,569,570,571,572,573,574,575,576,577,578,579,580,581,582,583,584,585,586,587,588,589,590,591,592,593,594,595,596,597,598,599,600,601,602,603,604,605,606,607,608,609,610,611,612,613,614,615,616,617,618,619,620,621,622,623,624,625,626,627,628,629,630,631,632,633,634,635,636,637,638,639,661,722,723,724,732,733,745,746,747,755,759,760,764,765,767,768,769,770,771,772,773,774,775,776,777,778,783,816,817,818,819,820,821,822,854,855,856,857,866,868,875,876,877,878,879,880,881,882,883,884,885,886,887,888,889,890,891,892,893,894,895,896,897,898,899,900,901,902,903,904,905,906,907,908,919,920,921,922,923,944,948,1006,1013,1021,1193,1202,1211,1220,1280,1281,1286,1287,1291,1292,1298,1302,1303,1304,1305,1315,1316,1317,1321,1322,1328,1332,1333,1403,1404,1405,1471,1519,1577,1625,1690,1738,1786,1844,1892,1896,1900,1912,2672,2684,2685,2732,2736,2737,2738,2741,2751,2784,2785,2794,2806,2810,2815,2820,2825,2828,2831,2834,2838,2842,2982,2983,2984,2985,3064,3067,3070,3073,3077,3078,3081,3084,3087,3090,3094,3097,3101,3104,3107,3110,3113,3117,3120,3123,3127,3130,3140,3148,3156,3159,3162,3165,3168,3171,3174,3249,3250,3253,3256,3257,3260,3264,3269,3270,3278,3286,3287,3295,3299,3307,3315,3323,3331,3339,3340,3348,3356,3357,3394,3399,3401,3406,3410,3414,3415,3420,3421,3422,3423,3424,3425,3426,3427,3428,3429,3430,3431,3432,3433,3434,3435,3436,3437,3438,3439,3440,3444,3445,3446,3452,3453,3457,3459,3460,3463,3468,3469,3470,3471,3472,3473,3477,3478,3479,3485,3486,3490,3492,3495,3499,3503,3507,3511,3524,3525,3526,3534,3542,3545,3550,3555,3560,3565,3569,3573,3582,3590,3591,3592,3593,3594,3602,3611,3616,3621,3622,3623,3624,3642,3646,3651,3654,3658,3661,3665,3669,3673,3778,3787,3800,3804,3819,3827,3830,3841,3846,3875,3879,3880,3887,3891,3892,3893,3896,3900,3904,3905,3909,3914,3926,3930,3931,3943,3953,3954,3964,3969,3991,3994,4000,4003,4012,4020,4024,4027,4030,4033,4037,4040,4055,4059,4062,4077,4080,4088,4093,4099,4105,4111,4141,4152,4169,4176,4179,4191,4200,4204,4209,4213,4217,4221,4225,4229,4232,4241,4246,4255,4259,4266,4275,4281,4285,4303,4304,4305,4306,4307,4315,4319,4331,4338,4339,4343,4347,4348,4352,4366,4372,4378,4384,4390,4395,4401,4407,4408,4417,4425,4426,4433",
                        "endColumns": "36,48,55,59,60,54,49,52,57,47,36,46,48,55,50,48,53,53,48,55,46,55,59,60,52,44,52,51,57,64,47,65,57,68,57,69,73,67,66,69,65,72,59,59,59,58,56,57,57,45,59,67,68,67,52,51,45,49,46,57,57,58,59,61,61,61,61,61,61,67,60,61,61,52,53,58,61,73,70,65,73,68,70,72,70,67,72,75,69,77,67,65,60,68,63,65,67,65,62,67,70,64,72,62,80,63,65,69,69,69,69,66,64,65,52,75,65,86,75,75,46,64,49,53,78,77,72,64,62,65,70,70,61,68,65,59,66,66,55,50,52,51,53,70,62,58,61,58,72,66,59,62,74,71,95,70,55,70,56,56,65,63,70,56,52,62,51,57,66,83,84,80,67,76,72,69,71,69,72,63,69,47,68,51,57,65,66,65,80,74,55,52,60,57,49,48,48,48,61,51,44,80,53,52,53,50,48,50,60,60,61,49,40,58,58,58,60,55,55,66,60,64,54,64,68,67,77,68,59,70,73,64,71,69,66,83,68,66,69,62,66,67,82,78,89,76,67,66,77,56,56,67,65,55,59,58,53,49,49,47,61,50,72,79,79,63,62,66,70,57,60,65,58,66,59,59,62,67,60,66,77,69,48,56,68,60,87,87,87,87,55,86,86,86,86,57,55,70,64,61,74,72,68,69,68,93,68,100,50,57,69,68,69,69,69,66,74,66,58,64,55,57,61,44,42,46,44,50,47,65,61,62,71,56,62,56,59,64,66,64,56,60,57,69,56,12,149,130,97,114,86,47,78,64,88,156,156,152,153,177,181,181,181,189,189,198,172,109,184,136,219,183,159,157,183,202,170,219,221,154,206,183,102,140,164,170,199,203,201,204,200,198,203,77,300,165,154,101,10,10,10,10,10,10,10,10,10,92,106,10,106,10,120,10,10,99,104,118,10,146,118,10,132,10,10,111,120,132,146,10,10,10,10,10,10,10,10,10,10,10,10,10,10,90,10,10,108,118,10,10,10,94,30,10,10,10,10,10,10,10,10,10,10,72,86,84,98,10,10,10,10,10,52,10,10,10,10,10,10,10,10,10,10,10,10,10,10,10,10,10,10,10,10,10,10,10,10,10,10,91,10,10,94,10,10,10,113,10,10,115,10,10,10,10,10,10,10,121,10,10,121,10,10,10,10,10,10,83,10,97,107,93,129,107,121,135,107,119,133,121,127,141,125,139,125,117,131,97,109,10,111,117,10,115,10,10,95,10,10,109,123,137,109,121,10,123,129,10,127,10,10,10,10,10,10,10,67,83,103,10,10,10,10,10,10,10,10,10,10,10,113,143,111,123,10,10,10,10,144,92,91,10,10,10,10,10,10,10,10,10,10,10,10,10,10,10,10,10,10,10,10,123,10,10,102,129,10,10,10,139,10,10,10,10,129,10,10,145,10,10,10,10,10,10,10,10,10,10,10,10,10,10,10,10,10,10,10,10,10,10,10,10,10,10,10,10,10,10,10,10,10,10,10,10,10,10,10,10,10,10,10,10,10,10,10,10,105,129,137,123,10,10,10,10,123,10,10,133,10,10,10,10,10,10,10,10,10,103,10,10,119,10",
                        "endOffsets": "182,231,639,699,760,815,965,1018,1076,1124,1161,1208,1257,1313,1364,1413,1467,1521,1570,1626,1673,2004,2064,2252,2305,2350,2448,2549,2607,2672,2720,7831,7889,7958,8016,8086,8160,8228,8295,8365,8431,8504,8564,8624,8684,8743,8800,8858,8916,9018,9078,9146,9215,9283,9336,9388,9434,9484,9531,9589,9647,9706,9766,9828,9890,9952,10014,10076,10138,10206,10267,10329,10391,10444,10498,10598,10836,13382,13453,13519,13593,13662,13733,13806,13877,13945,14018,14094,14164,14242,14310,14376,14437,14506,14570,14636,14704,14770,14833,14901,14972,15037,15110,15173,15254,15318,15384,15454,15524,15594,15664,15731,17149,17215,17268,17344,17410,17497,17573,17649,24635,24814,25522,25576,25655,25733,25806,25871,25934,26000,26071,26142,26204,26273,26339,26399,26466,26533,26589,26640,26693,26745,26799,26870,26933,26992,27054,27113,27186,27253,27313,27376,27451,27523,27619,27690,27746,27817,27874,27931,27997,28061,28132,28189,28242,28305,28357,28415,28482,29778,29863,29944,30012,30089,30162,30232,30304,30374,30447,30511,30581,30629,30698,30750,30808,30874,30941,31007,31088,31163,31219,31272,31333,31391,31441,31490,31539,31588,31650,31702,31747,31828,31882,31935,31989,32040,32089,32140,32201,32262,32324,32374,32415,32474,32533,32592,32653,32709,32765,32832,32893,32958,33013,33078,33147,33215,33293,33362,33422,33493,33567,33632,33704,33774,33841,33925,33994,34061,34131,34194,34261,34329,34412,34491,34581,34658,34726,34793,34871,34928,34985,35053,35119,35175,35235,35294,35348,35398,35448,35496,35558,35609,35682,35762,35842,35906,35969,36036,36107,36165,36226,36292,36351,36418,36478,36538,36601,36669,36730,36797,36875,36945,36994,37051,37120,37181,37269,37357,37445,37533,37589,37676,37763,37850,37937,37995,38051,38122,38187,38249,38324,38397,38466,38536,38605,38699,38768,38869,38920,38978,39048,39117,39187,39257,39327,39394,39469,39536,39595,40958,44639,44697,44759,45155,45198,45816,45861,45912,46293,46549,46611,46844,46916,47041,47104,47161,47221,47286,47353,47418,47475,47536,47594,47664,47721,48111,50403,50534,50632,50747,50834,50882,50961,54287,54376,54533,54690,55585,55791,56237,56419,56601,56783,56973,57163,57362,57535,57645,57830,57967,58187,58371,58531,58689,58873,59076,59247,59467,59689,59844,60051,60235,60338,60479,60644,60815,61015,61219,61421,61626,61827,62026,62230,62975,63276,63442,63597,63699,65114,65399,68934,69390,69899,81041,81478,81912,82355,86280,86387,86730,86837,87066,87187,87596,87828,87928,88033,88152,88661,88808,88927,89162,89295,89710,89948,90060,95284,95417,95564,100233,103206,107399,110386,114962,117898,120850,124944,127894,128124,128367,129405,176276,177095,177186,179317,179527,179636,179755,179939,180515,182322,182417,182766,183636,183922,184325,184727,185070,185282,185483,185696,185985,186270,196978,197065,197150,197249,201939,202100,202263,202424,202589,202642,202775,202895,202993,203106,203299,203425,203582,203724,203894,204050,204222,204513,204625,204754,204983,205201,206056,206643,207257,207425,207567,207728,207871,208039,208196,215245,215337,215510,215672,215767,215936,216179,216472,216586,216995,217409,217525,217943,218184,218614,219049,219459,219881,220291,220413,220822,221238,221360,224012,224356,224436,224792,224942,225086,225170,225547,225645,225753,225847,225977,226085,226207,226343,226451,226571,226705,226827,226955,227097,227223,227363,227489,227607,227739,227837,227947,228231,228343,228461,228925,229041,229328,229454,229550,229680,230069,230179,230303,230441,230551,230673,230969,231093,231223,231699,231827,232126,232264,232410,232572,232788,232944,233148,234219,234303,234407,234862,235386,235544,235763,235994,236217,236452,236674,236940,237532,238131,238245,238389,238501,238625,239196,239794,240289,240835,240980,241073,241165,242462,242850,243148,243337,243543,243736,243946,244163,244424,252651,253175,253819,254016,254964,255521,255644,256417,256638,258219,258454,258578,258990,259204,259307,259437,259612,259859,260050,260190,260384,260654,261355,261643,261773,262538,263183,263329,263890,264128,265551,265701,266118,266283,266969,267439,267635,267726,267810,267954,268188,268355,269129,269415,269575,270190,270349,270677,270904,271269,271640,272001,273781,274410,275455,275879,276031,277021,277758,277961,278207,278454,278696,279017,279322,279545,279717,280258,280527,281021,281282,281722,282467,282832,283137,284427,284533,284663,284801,284925,285387,285688,286443,286882,287006,287247,287435,287569,287760,288539,288808,289099,289378,289695,289917,290212,290495,290599,291150,291620,291740,292142"
                    }
                },
                {
                    "source": "/Users/marcnguyen/Downloads/SES3/app/src/main/res/values/drawables.xml",
                    "from": {
                        "startLines": "-1,-1,-1,-1,-1,-1",
                        "startColumns": "-1,-1,-1,-1,-1,-1",
                        "startOffsets": "-1,-1,-1,-1,-1,-1"
                    },
                    "to": {
                        "startLines": "670,671,672,673,674,675",
                        "startColumns": "4,4,4,4,4,4",
                        "startOffsets": "41416,41504,41594,41682,41766,41852",
                        "endColumns": "87,89,87,83,85,93",
                        "endOffsets": "41499,41589,41677,41761,41847,41941"
                    }
                },
                {
                    "source": "/Users/marcnguyen/.gradle/caches/transforms-2/files-2.1/44e235b88a1eb7f7f3593096bd4e4f2b/navigation-runtime-2.2.2/res/values/values.xml",
                    "from": {
                        "startLines": "-1",
                        "startColumns": "-1",
                        "startOffsets": "-1"
                    },
                    "to": {
                        "startLines": "725",
                        "startColumns": "4",
                        "startOffsets": "44764",
                        "endColumns": "52",
                        "endOffsets": "44812"
                    }
                },
                {
                    "source": "/Users/marcnguyen/Downloads/SES3/app/src/main/res/values/dimens.xml",
                    "from": {
                        "startLines": "-1,-1,-1,-1,-1",
                        "startColumns": "-1,-1,-1,-1,-1",
                        "startOffsets": "-1,-1,-1,-1,-1"
                    },
                    "to": {
                        "startLines": "414,415,476,640,641",
                        "startColumns": "4,4,4,4,4",
                        "startOffsets": "24640,24698,28660,39600,39650",
                        "endColumns": "57,55,41,49,57",
                        "endOffsets": "24693,24749,28697,39645,39703"
                    }
                }
            ]
        }
    ]
}