{
    "logs": [
        {
            "outputFile": "/Users/marcnguyen/Downloads/SES3/app/build/intermediates/incremental/mergeDebugResources/merged.dir/values-vi/values-vi.xml",
            "map": [
                {
                    "source": "/Users/marcnguyen/.gradle/caches/transforms-2/files-2.1/dc1096d7f866fa71b43709b75f47427d/navigation-ui-2.2.2/res/values-vi/values-vi.xml",
                    "from": {
                        "startLines": "2,3",
                        "startColumns": "4,4",
                        "startOffsets": "55,163",
                        "endColumns": "107,112",
                        "endOffsets": "158,271"
                    },
                    "to": {
                        "startLines": "55,56",
                        "startColumns": "4,4",
                        "startOffsets": "6115,6223",
                        "endColumns": "107,112",
                        "endOffsets": "6218,6331"
                    }
                },
                {
                    "source": "/Users/marcnguyen/.gradle/caches/transforms-2/files-2.1/75e7c473eccef2b3a0eec97fa3a7825b/jetified-play-services-base-17.1.0/res/values-vi/values.xml",
                    "from": {
                        "startLines": "4,5,6,7,8,9,10,11,12,13,14,15,16,17,18,19,20",
                        "startColumns": "0,0,0,0,0,0,0,0,0,0,0,0,0,0,0,0,0",
                        "startOffsets": "245,345,539,662,767,991,1119,1272,1401,1641,1746,1938,2066,2284,2459,2553,2643",
                        "endColumns": "99,193,122,104,223,127,152,128,239,104,191,127,217,174,93,89,105",
                        "endOffsets": "344,538,661,766,990,1118,1271,1400,1640,1745,1937,2065,2283,2458,2552,2642,2748"
                    },
                    "to": {
                        "startLines": "29,30,31,32,33,34,35,36,38,39,40,41,42,43,44,45,46",
                        "startColumns": "4,4,4,4,4,4,4,4,4,4,4,4,4,4,4,4,4",
                        "startOffsets": "2798,2902,3096,3223,3332,3556,3688,3845,4173,4413,4522,4714,4846,5064,5243,5341,5435",
                        "endColumns": "103,193,126,108,223,131,156,132,239,108,191,131,217,178,97,93,109",
                        "endOffsets": "2897,3091,3218,3327,3551,3683,3840,3973,4408,4517,4709,4841,5059,5238,5336,5430,5540"
                    }
                },
                {
                    "source": "/Users/marcnguyen/.gradle/caches/transforms-2/files-2.1/c10a25150d21e57e35afe38f90f6ccd9/jetified-android-image-cropper-2.8.0/res/values-vi/values-vi.xml",
                    "from": {
                        "startLines": "2,3,4,5,6,7,8,9,10",
                        "startColumns": "4,4,4,4,4,4,4,4,4",
                        "startOffsets": "55,164,211,264,317,400,479,563,625",
                        "endColumns": "108,46,52,52,82,78,83,61,70",
                        "endOffsets": "159,206,259,312,395,474,558,620,691"
                    },
                    "to": {
                        "startLines": "47,48,49,50,51,52,53,54,57",
                        "startColumns": "4,4,4,4,4,4,4,4,4",
                        "startOffsets": "5545,5654,5701,5754,5807,5890,5969,6053,6336",
                        "endColumns": "108,46,52,52,82,78,83,61,70",
                        "endOffsets": "5649,5696,5749,5802,5885,5964,6048,6110,6402"
                    }
                },
                {
                    "source": "/Users/marcnguyen/.gradle/caches/transforms-2/files-2.1/6c5a1a33c151bf1b1b969a4997bc8337/appcompat-1.1.0/res/values-vi/values-vi.xml",
                    "from": {
                        "startLines": "2,3,4,5,6,7,8,9,10,11,12,13,14,15,16,17,18,19,20,21,22,23,24,25,26,27,28,29",
                        "startColumns": "4,4,4,4,4,4,4,4,4,4,4,4,4,4,4,4,4,4,4,4,4,4,4,4,4,4,4,4",
                        "startOffsets": "105,212,314,423,507,610,729,807,884,975,1067,1162,1256,1357,1450,1545,1639,1730,1821,1904,2008,2116,2217,2322,2437,2542,2699,2798",
                        "endColumns": "106,101,108,83,102,118,77,76,90,91,94,93,100,92,94,93,90,90,82,103,107,100,104,114,104,156,98,83",
                        "endOffsets": "207,309,418,502,605,724,802,879,970,1062,1157,1251,1352,1445,1540,1634,1725,1816,1899,2003,2111,2212,2317,2432,2537,2694,2793,2877"
                    },
                    "to": {
                        "startLines": "2,3,4,5,6,7,8,9,10,11,12,13,14,15,16,17,18,19,20,21,22,23,24,25,26,27,28,58",
                        "startColumns": "4,4,4,4,4,4,4,4,4,4,4,4,4,4,4,4,4,4,4,4,4,4,4,4,4,4,4,4",
                        "startOffsets": "105,212,314,423,507,610,729,807,884,975,1067,1162,1256,1357,1450,1545,1639,1730,1821,1904,2008,2116,2217,2322,2437,2542,2699,6407",
                        "endColumns": "106,101,108,83,102,118,77,76,90,91,94,93,100,92,94,93,90,90,82,103,107,100,104,114,104,156,98,83",
                        "endOffsets": "207,309,418,502,605,724,802,879,970,1062,1157,1251,1352,1445,1540,1634,1725,1816,1899,2003,2111,2212,2317,2432,2537,2694,2793,6486"
                    }
                },
                {
                    "source": "/Users/marcnguyen/.gradle/caches/transforms-2/files-2.1/bcfc0b80df78591183083cc148e1cf2c/core-1.1.0/res/values-vi/values-vi.xml",
                    "from": {
                        "startLines": "2",
                        "startColumns": "4",
                        "startOffsets": "55",
                        "endColumns": "100",
                        "endOffsets": "151"
                    },
                    "to": {
                        "startLines": "59",
                        "startColumns": "4",
                        "startOffsets": "6491",
                        "endColumns": "100",
                        "endOffsets": "6587"
                    }
                },
                {
                    "source": "/Users/marcnguyen/.gradle/caches/transforms-2/files-2.1/164bb505b81f338baa0db13edd04c1d1/jetified-play-services-basement-17.0.0/res/values-vi/values.xml",
                    "from": {
                        "startLines": "4",
                        "startColumns": "0",
                        "startOffsets": "247",
                        "endColumns": "194",
                        "endOffsets": "441"
                    },
                    "to": {
                        "startLines": "37",
                        "startColumns": "4",
                        "startOffsets": "3978",
                        "endColumns": "194",
                        "endOffsets": "4168"
                    }
                }
            ]
        }
    ]
}