{
    "logs": [
        {
            "outputFile": "/Users/marcnguyen/Downloads/SES3/app/build/intermediates/incremental/mergeDebugResources/merged.dir/values-nl/values-nl.xml",
            "map": [
                {
                    "source": "/Users/marcnguyen/.gradle/caches/transforms-2/files-2.1/6c5a1a33c151bf1b1b969a4997bc8337/appcompat-1.1.0/res/values-nl/values-nl.xml",
                    "from": {
                        "startLines": "2,3,4,5,6,7,8,9,10,11,12,13,14,15,16,17,18,19,20,21,22,23,24,25,26,27,28,29",
                        "startColumns": "4,4,4,4,4,4,4,4,4,4,4,4,4,4,4,4,4,4,4,4,4,4,4,4,4,4,4,4",
                        "startOffsets": "105,223,328,435,521,629,749,827,904,996,1089,1184,1278,1379,1473,1569,1664,1756,1848,1929,2040,2143,2242,2357,2471,2574,2729,2832",
                        "endColumns": "117,104,106,85,107,119,77,76,91,92,94,93,100,93,95,94,91,91,80,110,102,98,114,113,102,154,102,81",
                        "endOffsets": "218,323,430,516,624,744,822,899,991,1084,1179,1273,1374,1468,1564,1659,1751,1843,1924,2035,2138,2237,2352,2466,2569,2724,2827,2909"
                    },
                    "to": {
                        "startLines": "2,3,4,5,6,7,8,9,10,11,12,13,14,15,16,17,18,19,20,21,22,23,24,25,26,27,28,58",
                        "startColumns": "4,4,4,4,4,4,4,4,4,4,4,4,4,4,4,4,4,4,4,4,4,4,4,4,4,4,4,4",
                        "startOffsets": "105,223,328,435,521,629,749,827,904,996,1089,1184,1278,1379,1473,1569,1664,1756,1848,1929,2040,2143,2242,2357,2471,2574,2729,6523",
                        "endColumns": "117,104,106,85,107,119,77,76,91,92,94,93,100,93,95,94,91,91,80,110,102,98,114,113,102,154,102,81",
                        "endOffsets": "218,323,430,516,624,744,822,899,991,1084,1179,1273,1374,1468,1564,1659,1751,1843,1924,2035,2138,2237,2352,2466,2569,2724,2827,6600"
                    }
                },
                {
                    "source": "/Users/marcnguyen/.gradle/caches/transforms-2/files-2.1/75e7c473eccef2b3a0eec97fa3a7825b/jetified-play-services-base-17.1.0/res/values-nl/values.xml",
                    "from": {
                        "startLines": "4,5,6,7,8,9,10,11,12,13,14,15,16,17,18,19,20",
                        "startColumns": "0,0,0,0,0,0,0,0,0,0,0,0,0,0,0,0,0",
                        "startOffsets": "245,353,540,668,777,1003,1128,1277,1408,1645,1749,1949,2073,2295,2503,2597,2686",
                        "endColumns": "107,186,127,108,225,124,148,130,236,103,199,123,221,207,93,88,103",
                        "endOffsets": "352,539,667,776,1002,1127,1276,1407,1644,1748,1948,2072,2294,2502,2596,2685,2789"
                    },
                    "to": {
                        "startLines": "29,30,31,32,33,34,35,36,38,39,40,41,42,43,44,45,46",
                        "startColumns": "4,4,4,4,4,4,4,4,4,4,4,4,4,4,4,4,4",
                        "startOffsets": "2832,2944,3131,3263,3376,3602,3731,3884,4221,4458,4566,4766,4894,5116,5328,5426,5519",
                        "endColumns": "111,186,131,112,225,128,152,134,236,107,199,127,221,211,97,92,107",
                        "endOffsets": "2939,3126,3258,3371,3597,3726,3879,4014,4453,4561,4761,4889,5111,5323,5421,5514,5622"
                    }
                },
                {
                    "source": "/Users/marcnguyen/.gradle/caches/transforms-2/files-2.1/c10a25150d21e57e35afe38f90f6ccd9/jetified-android-image-cropper-2.8.0/res/values-nl/values-nl.xml",
                    "from": {
                        "startLines": "2,3,4,5,6,7,8,9,10",
                        "startColumns": "4,4,4,4,4,4,4,4,4",
                        "startOffsets": "55,179,226,286,345,429,509,590,655",
                        "endColumns": "123,46,59,58,83,79,80,64,75",
                        "endOffsets": "174,221,281,340,424,504,585,650,726"
                    },
                    "to": {
                        "startLines": "47,48,49,50,51,52,53,54,57",
                        "startColumns": "4,4,4,4,4,4,4,4,4",
                        "startOffsets": "5627,5751,5798,5858,5917,6001,6081,6162,6447",
                        "endColumns": "123,46,59,58,83,79,80,64,75",
                        "endOffsets": "5746,5793,5853,5912,5996,6076,6157,6222,6518"
                    }
                },
                {
                    "source": "/Users/marcnguyen/.gradle/caches/transforms-2/files-2.1/bcfc0b80df78591183083cc148e1cf2c/core-1.1.0/res/values-nl/values-nl.xml",
                    "from": {
                        "startLines": "2",
                        "startColumns": "4",
                        "startOffsets": "55",
                        "endColumns": "100",
                        "endOffsets": "151"
                    },
                    "to": {
                        "startLines": "59",
                        "startColumns": "4",
                        "startOffsets": "6605",
                        "endColumns": "100",
                        "endOffsets": "6701"
                    }
                },
                {
                    "source": "/Users/marcnguyen/.gradle/caches/transforms-2/files-2.1/164bb505b81f338baa0db13edd04c1d1/jetified-play-services-basement-17.0.0/res/values-nl/values.xml",
                    "from": {
                        "startLines": "4",
                        "startColumns": "0",
                        "startOffsets": "247",
                        "endColumns": "201",
                        "endOffsets": "448"
                    },
                    "to": {
                        "startLines": "37",
                        "startColumns": "4",
                        "startOffsets": "4019",
                        "endColumns": "201",
                        "endOffsets": "4216"
                    }
                },
                {
                    "source": "/Users/marcnguyen/.gradle/caches/transforms-2/files-2.1/dc1096d7f866fa71b43709b75f47427d/navigation-ui-2.2.2/res/values-nl/values-nl.xml",
                    "from": {
                        "startLines": "2,3",
                        "startColumns": "4,4",
                        "startOffsets": "55,166",
                        "endColumns": "110,108",
                        "endOffsets": "161,270"
                    },
                    "to": {
                        "startLines": "55,56",
                        "startColumns": "4,4",
                        "startOffsets": "6227,6338",
                        "endColumns": "110,108",
                        "endOffsets": "6333,6442"
                    }
                }
            ]
        }
    ]
}