{
    "logs": [
        {
            "outputFile": "/Users/marcnguyen/Downloads/SES3/app/build/intermediates/incremental/mergeDebugResources/merged.dir/values-fa/values-fa.xml",
            "map": [
                {
                    "source": "/Users/marcnguyen/.gradle/caches/transforms-2/files-2.1/6c5a1a33c151bf1b1b969a4997bc8337/appcompat-1.1.0/res/values-fa/values-fa.xml",
                    "from": {
                        "startLines": "2,3,4,5,6,7,8,9,10,11,12,13,14,15,16,17,18,19,20,21,22,23,24,25,26,27,28,29",
                        "startColumns": "4,4,4,4,4,4,4,4,4,4,4,4,4,4,4,4,4,4,4,4,4,4,4,4,4,4,4,4",
                        "startOffsets": "105,215,316,427,511,612,727,807,885,978,1072,1164,1258,1361,1456,1553,1647,1740,1830,1911,2019,2123,2221,2327,2432,2537,2694,2795",
                        "endColumns": "109,100,110,83,100,114,79,77,92,93,91,93,102,94,96,93,92,89,80,107,103,97,105,104,104,156,100,80",
                        "endOffsets": "210,311,422,506,607,722,802,880,973,1067,1159,1253,1356,1451,1548,1642,1735,1825,1906,2014,2118,2216,2322,2427,2532,2689,2790,2871"
                    },
                    "to": {
                        "startLines": "2,3,4,5,6,7,8,9,10,11,12,13,14,15,16,17,18,19,20,21,22,23,24,25,26,27,28,57",
                        "startColumns": "4,4,4,4,4,4,4,4,4,4,4,4,4,4,4,4,4,4,4,4,4,4,4,4,4,4,4,4",
                        "startOffsets": "105,215,316,427,511,612,727,807,885,978,1072,1164,1258,1361,1456,1553,1647,1740,1830,1911,2019,2123,2221,2327,2432,2537,2694,6364",
                        "endColumns": "109,100,110,83,100,114,79,77,92,93,91,93,102,94,96,93,92,89,80,107,103,97,105,104,104,156,100,80",
                        "endOffsets": "210,311,422,506,607,722,802,880,973,1067,1159,1253,1356,1451,1548,1642,1735,1825,1906,2014,2118,2216,2322,2427,2532,2689,2790,6440"
                    }
                },
                {
                    "source": "/Users/marcnguyen/.gradle/caches/transforms-2/files-2.1/c10a25150d21e57e35afe38f90f6ccd9/jetified-android-image-cropper-2.8.0/res/values-fa/values-fa.xml",
                    "from": {
                        "startLines": "2,3,4,5,6,7,8,9",
                        "startColumns": "4,4,4,4,4,4,4,4",
                        "startOffsets": "55,152,214,274,360,445,528,590",
                        "endColumns": "96,61,59,85,84,82,61,79",
                        "endOffsets": "147,209,269,355,440,523,585,665"
                    },
                    "to": {
                        "startLines": "47,48,49,50,51,52,53,56",
                        "startColumns": "4,4,4,4,4,4,4,4",
                        "startOffsets": "5525,5622,5684,5744,5830,5915,5998,6284",
                        "endColumns": "96,61,59,85,84,82,61,79",
                        "endOffsets": "5617,5679,5739,5825,5910,5993,6055,6359"
                    }
                },
                {
                    "source": "/Users/marcnguyen/.gradle/caches/transforms-2/files-2.1/bcfc0b80df78591183083cc148e1cf2c/core-1.1.0/res/values-fa/values-fa.xml",
                    "from": {
                        "startLines": "2",
                        "startColumns": "4",
                        "startOffsets": "55",
                        "endColumns": "100",
                        "endOffsets": "151"
                    },
                    "to": {
                        "startLines": "58",
                        "startColumns": "4",
                        "startOffsets": "6445",
                        "endColumns": "100",
                        "endOffsets": "6541"
                    }
                },
                {
                    "source": "/Users/marcnguyen/.gradle/caches/transforms-2/files-2.1/75e7c473eccef2b3a0eec97fa3a7825b/jetified-play-services-base-17.1.0/res/values-fa/values.xml",
                    "from": {
                        "startLines": "4,5,6,7,8,9,10,11,12,13,14,15,16,17,18,19,20",
                        "startColumns": "0,0,0,0,0,0,0,0,0,0,0,0,0,0,0,0,0",
                        "startOffsets": "245,351,542,671,772,971,1097,1238,1365,1577,1685,1888,2019,2233,2417,2509,2603",
                        "endColumns": "105,190,128,100,198,125,140,126,211,107,202,130,213,183,91,93,109",
                        "endOffsets": "350,541,670,771,970,1096,1237,1364,1576,1684,1887,2018,2232,2416,2508,2602,2712"
                    },
                    "to": {
                        "startLines": "29,30,31,32,33,34,35,36,38,39,40,41,42,43,44,45,46",
                        "startColumns": "4,4,4,4,4,4,4,4,4,4,4,4,4,4,4,4,4",
                        "startOffsets": "2795,2905,3096,3229,3334,3533,3663,3808,4153,4365,4477,4680,4815,5029,5217,5313,5411",
                        "endColumns": "109,190,132,104,198,129,144,130,211,111,202,134,213,187,95,97,113",
                        "endOffsets": "2900,3091,3224,3329,3528,3658,3803,3934,4360,4472,4675,4810,5024,5212,5308,5406,5520"
                    }
                },
                {
                    "source": "/Users/marcnguyen/.gradle/caches/transforms-2/files-2.1/dc1096d7f866fa71b43709b75f47427d/navigation-ui-2.2.2/res/values-fa/values-fa.xml",
                    "from": {
                        "startLines": "2,3",
                        "startColumns": "4,4",
                        "startOffsets": "55,164",
                        "endColumns": "108,114",
                        "endOffsets": "159,274"
                    },
                    "to": {
                        "startLines": "54,55",
                        "startColumns": "4,4",
                        "startOffsets": "6060,6169",
                        "endColumns": "108,114",
                        "endOffsets": "6164,6279"
                    }
                },
                {
                    "source": "/Users/marcnguyen/.gradle/caches/transforms-2/files-2.1/164bb505b81f338baa0db13edd04c1d1/jetified-play-services-basement-17.0.0/res/values-fa/values.xml",
                    "from": {
                        "startLines": "4",
                        "startColumns": "0",
                        "startOffsets": "247",
                        "endColumns": "213",
                        "endOffsets": "460"
                    },
                    "to": {
                        "startLines": "37",
                        "startColumns": "4",
                        "startOffsets": "3939",
                        "endColumns": "213",
                        "endOffsets": "4148"
                    }
                }
            ]
        }
    ]
}