{
    "logs": [
        {
            "outputFile": "/Users/marcnguyen/Downloads/SES3/app/build/intermediates/incremental/mergeDebugResources/merged.dir/values-sw600dp-v13/values-sw600dp-v13.xml",
            "map": [
                {
                    "source": "/Users/marcnguyen/.gradle/caches/transforms-2/files-2.1/6029c1862846be4a7ec1743d4d20ec64/material-1.1.0/res/values-sw600dp-v13/values-sw600dp-v13.xml",
                    "from": {
                        "startLines": "2,3,4,5,6,7,8,10,11,12,13,14",
                        "startColumns": "4,4,4,4,4,4,4,4,4,4,4,4",
                        "startOffsets": "55,115,185,256,328,386,444,553,617,673,732,795",
                        "endLines": "2,3,4,5,6,7,9,10,11,12,13,17",
                        "endColumns": "59,69,70,71,57,57,10,63,55,58,62,10",
                        "endOffsets": "110,180,251,323,381,439,548,612,668,727,790,962"
                    },
                    "to": {
                        "startLines": "10,11,12,13,14,15,16,18,19,20,21,22",
                        "startColumns": "4,4,4,4,4,4,4,4,4,4,4,4",
                        "startOffsets": "611,671,741,812,884,942,1000,1109,1173,1229,1288,1351",
                        "endLines": "10,11,12,13,14,15,17,18,19,20,21,25",
                        "endColumns": "59,69,70,71,57,57,10,63,55,58,62,10",
                        "endOffsets": "666,736,807,879,937,995,1104,1168,1224,1283,1346,1518"
                    }
                },
                {
                    "source": "/Users/marcnguyen/.gradle/caches/transforms-2/files-2.1/6c5a1a33c151bf1b1b969a4997bc8337/appcompat-1.1.0/res/values-sw600dp-v13/values-sw600dp-v13.xml",
                    "from": {
                        "startLines": "2,3,4,5,6,7,8,9",
                        "startColumns": "4,4,4,4,4,4,4,4",
                        "startOffsets": "55,124,193,263,337,413,472,543",
                        "endColumns": "68,68,69,73,75,58,70,67",
                        "endOffsets": "119,188,258,332,408,467,538,606"
                    }
                }
            ]
        }
    ]
}