{
    "logs": [
        {
            "outputFile": "/Users/marcnguyen/Downloads/SES3/app/build/intermediates/incremental/mergeDebugResources/merged.dir/values-v28/values-v28.xml",
            "map": [
                {
                    "source": "/Users/marcnguyen/.gradle/caches/transforms-2/files-2.1/6029c1862846be4a7ec1743d4d20ec64/material-1.1.0/res/values-v28/values-v28.xml",
                    "from": {
                        "startLines": "2,3,4,5,6,7,8,9",
                        "startColumns": "4,4,4,4,4,4,4,4",
                        "startOffsets": "55,143,231,319,407,494,581,668",
                        "endColumns": "87,87,87,87,86,86,86,86",
                        "endOffsets": "138,226,314,402,489,576,663,750"
                    }
                },
                {
                    "source": "/Users/marcnguyen/.gradle/caches/transforms-2/files-2.1/6c5a1a33c151bf1b1b969a4997bc8337/appcompat-1.1.0/res/values-v28/values-v28.xml",
                    "from": {
                        "startLines": "2,3,4,8",
                        "startColumns": "4,4,4,4",
                        "startOffsets": "55,130,217,447",
                        "endLines": "2,3,7,11",
                        "endColumns": "74,86,12,12",
                        "endOffsets": "125,212,442,684"
                    },
                    "to": {
                        "startLines": "10,11,12,16",
                        "startColumns": "4,4,4,4",
                        "startOffsets": "755,830,917,1147",
                        "endLines": "10,11,15,19",
                        "endColumns": "74,86,12,12",
                        "endOffsets": "825,912,1142,1384"
                    }
                }
            ]
        }
    ]
}