{
    "logs": [
        {
            "outputFile": "/Users/marcnguyen/Downloads/SES3/app/build/intermediates/incremental/mergeDebugResources/merged.dir/values-my/values-my.xml",
            "map": [
                {
                    "source": "/Users/marcnguyen/.gradle/caches/transforms-2/files-2.1/164bb505b81f338baa0db13edd04c1d1/jetified-play-services-basement-17.0.0/res/values-my/values.xml",
                    "from": {
                        "startLines": "4",
                        "startColumns": "0",
                        "startOffsets": "247",
                        "endColumns": "212",
                        "endOffsets": "459"
                    },
                    "to": {
                        "startLines": "37",
                        "startColumns": "4",
                        "startOffsets": "4058",
                        "endColumns": "212",
                        "endOffsets": "4266"
                    }
                },
                {
                    "source": "/Users/marcnguyen/.gradle/caches/transforms-2/files-2.1/bcfc0b80df78591183083cc148e1cf2c/core-1.1.0/res/values-my/values-my.xml",
                    "from": {
                        "startLines": "2",
                        "startColumns": "4",
                        "startOffsets": "55",
                        "endColumns": "100",
                        "endOffsets": "151"
                    },
                    "to": {
                        "startLines": "50",
                        "startColumns": "4",
                        "startOffsets": "6039",
                        "endColumns": "100",
                        "endOffsets": "6135"
                    }
                },
                {
                    "source": "/Users/marcnguyen/.gradle/caches/transforms-2/files-2.1/dc1096d7f866fa71b43709b75f47427d/navigation-ui-2.2.2/res/values-my/values-my.xml",
                    "from": {
                        "startLines": "2,3",
                        "startColumns": "4,4",
                        "startOffsets": "55,168",
                        "endColumns": "112,125",
                        "endOffsets": "163,289"
                    },
                    "to": {
                        "startLines": "47,48",
                        "startColumns": "4,4",
                        "startOffsets": "5715,5828",
                        "endColumns": "112,125",
                        "endOffsets": "5823,5949"
                    }
                },
                {
                    "source": "/Users/marcnguyen/.gradle/caches/transforms-2/files-2.1/6c5a1a33c151bf1b1b969a4997bc8337/appcompat-1.1.0/res/values-my/values-my.xml",
                    "from": {
                        "startLines": "2,3,4,5,6,7,8,9,10,11,12,13,14,15,16,17,18,19,20,21,22,23,24,25,26,27,28,29",
                        "startColumns": "4,4,4,4,4,4,4,4,4,4,4,4,4,4,4,4,4,4,4,4,4,4,4,4,4,4,4,4",
                        "startOffsets": "105,218,325,441,528,637,760,842,924,1015,1107,1202,1296,1397,1490,1585,1679,1770,1861,1945,2060,2169,2268,2394,2501,2609,2769,2872",
                        "endColumns": "112,106,115,86,108,122,81,81,90,91,94,93,100,92,94,93,90,90,83,114,108,98,125,106,107,159,102,84",
                        "endOffsets": "213,320,436,523,632,755,837,919,1010,1102,1197,1291,1392,1485,1580,1674,1765,1856,1940,2055,2164,2263,2389,2496,2604,2764,2867,2952"
                    },
                    "to": {
                        "startLines": "2,3,4,5,6,7,8,9,10,11,12,13,14,15,16,17,18,19,20,21,22,23,24,25,26,27,28,49",
                        "startColumns": "4,4,4,4,4,4,4,4,4,4,4,4,4,4,4,4,4,4,4,4,4,4,4,4,4,4,4,4",
                        "startOffsets": "105,218,325,441,528,637,760,842,924,1015,1107,1202,1296,1397,1490,1585,1679,1770,1861,1945,2060,2169,2268,2394,2501,2609,2769,5954",
                        "endColumns": "112,106,115,86,108,122,81,81,90,91,94,93,100,92,94,93,90,90,83,114,108,98,125,106,107,159,102,84",
                        "endOffsets": "213,320,436,523,632,755,837,919,1010,1102,1197,1291,1392,1485,1580,1674,1765,1856,1940,2055,2164,2263,2389,2496,2604,2764,2867,6034"
                    }
                },
                {
                    "source": "/Users/marcnguyen/.gradle/caches/transforms-2/files-2.1/75e7c473eccef2b3a0eec97fa3a7825b/jetified-play-services-base-17.1.0/res/values-my/values.xml",
                    "from": {
                        "startLines": "4,5,6,7,8,9,10,11,12,13,14,15,16,17,18,19,20",
                        "startColumns": "0,0,0,0,0,0,0,0,0,0,0,0,0,0,0,0,0",
                        "startOffsets": "245,350,546,678,787,993,1123,1272,1407,1642,1746,1947,2088,2305,2518,2614,2713",
                        "endColumns": "104,195,131,108,205,129,148,134,234,103,200,140,216,212,95,98,113",
                        "endOffsets": "349,545,677,786,992,1122,1271,1406,1641,1745,1946,2087,2304,2517,2613,2712,2826"
                    },
                    "to": {
                        "startLines": "29,30,31,32,33,34,35,36,38,39,40,41,42,43,44,45,46",
                        "startColumns": "4,4,4,4,4,4,4,4,4,4,4,4,4,4,4,4,4",
                        "startOffsets": "2872,2981,3177,3313,3426,3632,3766,3919,4271,4506,4614,4815,4960,5177,5394,5494,5597",
                        "endColumns": "108,195,135,112,205,133,152,138,234,107,200,144,216,216,99,102,117",
                        "endOffsets": "2976,3172,3308,3421,3627,3761,3914,4053,4501,4609,4810,4955,5172,5389,5489,5592,5710"
                    }
                }
            ]
        }
    ]
}