{
    "logs": [
        {
            "outputFile": "/Users/marcnguyen/Downloads/SES3/app/build/intermediates/incremental/mergeDebugResources/merged.dir/values-id/values-id.xml",
            "map": [
                {
                    "source": "/Users/marcnguyen/.gradle/caches/transforms-2/files-2.1/c10a25150d21e57e35afe38f90f6ccd9/jetified-android-image-cropper-2.8.0/res/values-id/values-id.xml",
                    "from": {
                        "startLines": "2,3,4,5,6,7,8,9",
                        "startColumns": "4,4,4,4,4,4,4,4",
                        "startOffsets": "55,170,226,281,367,449,537,600",
                        "endColumns": "114,55,54,85,81,87,62,72",
                        "endOffsets": "165,221,276,362,444,532,595,668"
                    }
                }
            ]
        }
    ]
}