{
    "logs": [
        {
            "outputFile": "/Users/marcnguyen/Downloads/SES3/app/build/intermediates/incremental/mergeDebugResources/merged.dir/values-pl/values-pl.xml",
            "map": [
                {
                    "source": "/Users/marcnguyen/.gradle/caches/transforms-2/files-2.1/6c5a1a33c151bf1b1b969a4997bc8337/appcompat-1.1.0/res/values-pl/values-pl.xml",
                    "from": {
                        "startLines": "2,3,4,5,6,7,8,9,10,11,12,13,14,15,16,17,18,19,20,21,22,23,24,25,26,27,28,29",
                        "startColumns": "4,4,4,4,4,4,4,4,4,4,4,4,4,4,4,4,4,4,4,4,4,4,4,4,4,4,4,4",
                        "startOffsets": "105,220,322,430,516,623,742,821,898,989,1081,1176,1270,1372,1465,1560,1655,1746,1837,1918,2027,2127,2226,2335,2447,2558,2721,2817",
                        "endColumns": "114,101,107,85,106,118,78,76,90,91,94,93,101,92,94,94,90,90,80,108,99,98,108,111,110,162,95,81",
                        "endOffsets": "215,317,425,511,618,737,816,893,984,1076,1171,1265,1367,1460,1555,1650,1741,1832,1913,2022,2122,2221,2330,2442,2553,2716,2812,2894"
                    },
                    "to": {
                        "startLines": "2,3,4,5,6,7,8,9,10,11,12,13,14,15,16,17,18,19,20,21,22,23,24,25,26,27,28,58",
                        "startColumns": "4,4,4,4,4,4,4,4,4,4,4,4,4,4,4,4,4,4,4,4,4,4,4,4,4,4,4,4",
                        "startOffsets": "105,220,322,430,516,623,742,821,898,989,1081,1176,1270,1372,1465,1560,1655,1746,1837,1918,2027,2127,2226,2335,2447,2558,2721,6418",
                        "endColumns": "114,101,107,85,106,118,78,76,90,91,94,93,101,92,94,94,90,90,80,108,99,98,108,111,110,162,95,81",
                        "endOffsets": "215,317,425,511,618,737,816,893,984,1076,1171,1265,1367,1460,1555,1650,1741,1832,1913,2022,2122,2221,2330,2442,2553,2716,2812,6495"
                    }
                },
                {
                    "source": "/Users/marcnguyen/.gradle/caches/transforms-2/files-2.1/bcfc0b80df78591183083cc148e1cf2c/core-1.1.0/res/values-pl/values-pl.xml",
                    "from": {
                        "startLines": "2",
                        "startColumns": "4",
                        "startOffsets": "55",
                        "endColumns": "100",
                        "endOffsets": "151"
                    },
                    "to": {
                        "startLines": "59",
                        "startColumns": "4",
                        "startOffsets": "6500",
                        "endColumns": "100",
                        "endOffsets": "6596"
                    }
                },
                {
                    "source": "/Users/marcnguyen/.gradle/caches/transforms-2/files-2.1/dc1096d7f866fa71b43709b75f47427d/navigation-ui-2.2.2/res/values-pl/values-pl.xml",
                    "from": {
                        "startLines": "2,3",
                        "startColumns": "4,4",
                        "startOffsets": "55,163",
                        "endColumns": "107,116",
                        "endOffsets": "158,275"
                    },
                    "to": {
                        "startLines": "55,56",
                        "startColumns": "4,4",
                        "startOffsets": "6118,6226",
                        "endColumns": "107,116",
                        "endOffsets": "6221,6338"
                    }
                },
                {
                    "source": "/Users/marcnguyen/.gradle/caches/transforms-2/files-2.1/75e7c473eccef2b3a0eec97fa3a7825b/jetified-play-services-base-17.1.0/res/values-pl/values.xml",
                    "from": {
                        "startLines": "4,5,6,7,8,9,10,11,12,13,14,15,16,17,18,19,20",
                        "startColumns": "0,0,0,0,0,0,0,0,0,0,0,0,0,0,0,0,0",
                        "startOffsets": "245,347,547,667,775,985,1108,1245,1369,1599,1706,1912,2038,2256,2443,2538,2630",
                        "endColumns": "101,199,119,107,209,122,136,123,229,106,205,125,217,186,94,91,108",
                        "endOffsets": "346,546,666,774,984,1107,1244,1368,1598,1705,1911,2037,2255,2442,2537,2629,2738"
                    },
                    "to": {
                        "startLines": "29,30,31,32,33,34,35,36,38,39,40,41,42,43,44,45,46",
                        "startColumns": "4,4,4,4,4,4,4,4,4,4,4,4,4,4,4,4,4",
                        "startOffsets": "2817,2923,3123,3247,3359,3569,3696,3837,4164,4394,4505,4711,4841,5059,5250,5349,5445",
                        "endColumns": "105,199,123,111,209,126,140,127,229,110,205,129,217,190,98,95,112",
                        "endOffsets": "2918,3118,3242,3354,3564,3691,3832,3960,4389,4500,4706,4836,5054,5245,5344,5440,5553"
                    }
                },
                {
                    "source": "/Users/marcnguyen/.gradle/caches/transforms-2/files-2.1/164bb505b81f338baa0db13edd04c1d1/jetified-play-services-basement-17.0.0/res/values-pl/values.xml",
                    "from": {
                        "startLines": "4",
                        "startColumns": "0",
                        "startOffsets": "247",
                        "endColumns": "198",
                        "endOffsets": "445"
                    },
                    "to": {
                        "startLines": "37",
                        "startColumns": "4",
                        "startOffsets": "3965",
                        "endColumns": "198",
                        "endOffsets": "4159"
                    }
                },
                {
                    "source": "/Users/marcnguyen/.gradle/caches/transforms-2/files-2.1/c10a25150d21e57e35afe38f90f6ccd9/jetified-android-image-cropper-2.8.0/res/values-pl/values-pl.xml",
                    "from": {
                        "startLines": "2,3,4,5,6,7,8,9,10",
                        "startColumns": "4,4,4,4,4,4,4,4,4",
                        "startOffsets": "55,173,220,278,333,409,483,552,615",
                        "endColumns": "117,46,57,54,75,73,68,62,74",
                        "endOffsets": "168,215,273,328,404,478,547,610,685"
                    },
                    "to": {
                        "startLines": "47,48,49,50,51,52,53,54,57",
                        "startColumns": "4,4,4,4,4,4,4,4,4",
                        "startOffsets": "5558,5676,5723,5781,5836,5912,5986,6055,6343",
                        "endColumns": "117,46,57,54,75,73,68,62,74",
                        "endOffsets": "5671,5718,5776,5831,5907,5981,6050,6113,6413"
                    }
                }
            ]
        }
    ]
}