{
    "logs": [
        {
            "outputFile": "/Users/marcnguyen/Downloads/SES3/app/build/intermediates/incremental/mergeDebugResources/merged.dir/values-ja/values-ja.xml",
            "map": [
                {
                    "source": "/Users/marcnguyen/.gradle/caches/transforms-2/files-2.1/dc1096d7f866fa71b43709b75f47427d/navigation-ui-2.2.2/res/values-ja/values-ja.xml",
                    "from": {
                        "startLines": "2,3",
                        "startColumns": "4,4",
                        "startOffsets": "55,154",
                        "endColumns": "98,109",
                        "endOffsets": "149,259"
                    },
                    "to": {
                        "startLines": "54,55",
                        "startColumns": "4,4",
                        "startOffsets": "5585,5684",
                        "endColumns": "98,109",
                        "endOffsets": "5679,5789"
                    }
                },
                {
                    "source": "/Users/marcnguyen/.gradle/caches/transforms-2/files-2.1/164bb505b81f338baa0db13edd04c1d1/jetified-play-services-basement-17.0.0/res/values-ja/values.xml",
                    "from": {
                        "startLines": "4",
                        "startColumns": "0",
                        "startOffsets": "247",
                        "endColumns": "180",
                        "endOffsets": "427"
                    },
                    "to": {
                        "startLines": "37",
                        "startColumns": "4",
                        "startOffsets": "3769",
                        "endColumns": "180",
                        "endOffsets": "3945"
                    }
                },
                {
                    "source": "/Users/marcnguyen/.gradle/caches/transforms-2/files-2.1/75e7c473eccef2b3a0eec97fa3a7825b/jetified-play-services-base-17.1.0/res/values-ja/values.xml",
                    "from": {
                        "startLines": "4,5,6,7,8,9,10,11,12,13,14,15,16,17,18,19,20",
                        "startColumns": "0,0,0,0,0,0,0,0,0,0,0,0,0,0,0,0,0",
                        "startOffsets": "245,347,513,631,735,926,1044,1175,1299,1492,1591,1755,1872,2051,2197,2283,2368",
                        "endColumns": "101,165,117,103,190,117,130,123,192,98,163,116,178,145,85,84,95",
                        "endOffsets": "346,512,630,734,925,1043,1174,1298,1491,1590,1754,1871,2050,2196,2282,2367,2463"
                    },
                    "to": {
                        "startLines": "29,30,31,32,33,34,35,36,38,39,40,41,42,43,44,45,46",
                        "startColumns": "4,4,4,4,4,4,4,4,4,4,4,4,4,4,4,4,4",
                        "startOffsets": "2691,2797,2963,3085,3193,3384,3506,3641,3950,4143,4246,4410,4531,4710,4860,4950,5039",
                        "endColumns": "105,165,121,107,190,121,134,127,192,102,163,120,178,149,89,88,99",
                        "endOffsets": "2792,2958,3080,3188,3379,3501,3636,3764,4138,4241,4405,4526,4705,4855,4945,5034,5134"
                    }
                },
                {
                    "source": "/Users/marcnguyen/.gradle/caches/transforms-2/files-2.1/6c5a1a33c151bf1b1b969a4997bc8337/appcompat-1.1.0/res/values-ja/values-ja.xml",
                    "from": {
                        "startLines": "2,3,4,5,6,7,8,9,10,11,12,13,14,15,16,17,18,19,20,21,22,23,24,25,26,27,28,29",
                        "startColumns": "4,4,4,4,4,4,4,4,4,4,4,4,4,4,4,4,4,4,4,4,4,4,4,4,4,4,4,4",
                        "startOffsets": "105,202,295,400,482,580,688,766,842,933,1025,1120,1214,1315,1408,1503,1597,1688,1779,1856,1958,2056,2151,2254,2350,2446,2594,2691",
                        "endColumns": "96,92,104,81,97,107,77,75,90,91,94,93,100,92,94,93,90,90,76,101,97,94,102,95,95,147,96,77",
                        "endOffsets": "197,290,395,477,575,683,761,837,928,1020,1115,1209,1310,1403,1498,1592,1683,1774,1851,1953,2051,2146,2249,2345,2441,2589,2686,2764"
                    },
                    "to": {
                        "startLines": "2,3,4,5,6,7,8,9,10,11,12,13,14,15,16,17,18,19,20,21,22,23,24,25,26,27,28,57",
                        "startColumns": "4,4,4,4,4,4,4,4,4,4,4,4,4,4,4,4,4,4,4,4,4,4,4,4,4,4,4,4",
                        "startOffsets": "105,202,295,400,482,580,688,766,842,933,1025,1120,1214,1315,1408,1503,1597,1688,1779,1856,1958,2056,2151,2254,2350,2446,2594,5860",
                        "endColumns": "96,92,104,81,97,107,77,75,90,91,94,93,100,92,94,93,90,90,76,101,97,94,102,95,95,147,96,77",
                        "endOffsets": "197,290,395,477,575,683,761,837,928,1020,1115,1209,1310,1403,1498,1592,1683,1774,1851,1953,2051,2146,2249,2345,2441,2589,2686,5933"
                    }
                },
                {
                    "source": "/Users/marcnguyen/.gradle/caches/transforms-2/files-2.1/bcfc0b80df78591183083cc148e1cf2c/core-1.1.0/res/values-ja/values-ja.xml",
                    "from": {
                        "startLines": "2",
                        "startColumns": "4",
                        "startOffsets": "55",
                        "endColumns": "100",
                        "endOffsets": "151"
                    },
                    "to": {
                        "startLines": "58",
                        "startColumns": "4",
                        "startOffsets": "5938",
                        "endColumns": "100",
                        "endOffsets": "6034"
                    }
                },
                {
                    "source": "/Users/marcnguyen/.gradle/caches/transforms-2/files-2.1/c10a25150d21e57e35afe38f90f6ccd9/jetified-android-image-cropper-2.8.0/res/values-ja/values-ja.xml",
                    "from": {
                        "startLines": "2,3,4,5,6,7,8,9",
                        "startColumns": "4,4,4,4,4,4,4,4",
                        "startOffsets": "55,142,196,248,315,380,440,501",
                        "endColumns": "86,53,51,66,64,59,60,65",
                        "endOffsets": "137,191,243,310,375,435,496,562"
                    },
                    "to": {
                        "startLines": "47,48,49,50,51,52,53,56",
                        "startColumns": "4,4,4,4,4,4,4,4",
                        "startOffsets": "5139,5226,5280,5332,5399,5464,5524,5794",
                        "endColumns": "86,53,51,66,64,59,60,65",
                        "endOffsets": "5221,5275,5327,5394,5459,5519,5580,5855"
                    }
                }
            ]
        }
    ]
}