{
    "logs": [
        {
            "outputFile": "/Users/marcnguyen/Downloads/SES3/app/build/intermediates/incremental/mergeDebugResources/merged.dir/values-ru-rRU/values-ru-rRU.xml",
            "map": [
                {
                    "source": "/Users/marcnguyen/.gradle/caches/transforms-2/files-2.1/c10a25150d21e57e35afe38f90f6ccd9/jetified-android-image-cropper-2.8.0/res/values-ru-rRU/values-ru-rRU.xml",
                    "from": {
                        "startLines": "2,3,4,5,6,7,8",
                        "startColumns": "4,4,4,4,4,4,4",
                        "startOffsets": "55,113,171,257,339,412,487",
                        "endColumns": "57,57,85,81,72,74,76",
                        "endOffsets": "108,166,252,334,407,482,559"
                    }
                }
            ]
        }
    ]
}