{
    "logs": [
        {
            "outputFile": "/Users/marcnguyen/Downloads/SES3/app/build/intermediates/incremental/mergeDebugResources/merged.dir/values-eu/values-eu.xml",
            "map": [
                {
                    "source": "/Users/marcnguyen/.gradle/caches/transforms-2/files-2.1/6c5a1a33c151bf1b1b969a4997bc8337/appcompat-1.1.0/res/values-eu/values-eu.xml",
                    "from": {
                        "startLines": "2,3,4,5,6,7,8,9,10,11,12,13,14,15,16,17,18,19,20,21,22,23,24,25,26,27,28,29",
                        "startColumns": "4,4,4,4,4,4,4,4,4,4,4,4,4,4,4,4,4,4,4,4,4,4,4,4,4,4,4,4",
                        "startOffsets": "105,214,312,422,508,614,738,824,906,998,1091,1187,1281,1383,1477,1573,1670,1762,1855,1936,2045,2154,2253,2362,2469,2580,2751,2850",
                        "endColumns": "108,97,109,85,105,123,85,81,91,92,95,93,101,93,95,96,91,92,80,108,108,98,108,106,110,170,98,81",
                        "endOffsets": "209,307,417,503,609,733,819,901,993,1086,1182,1276,1378,1472,1568,1665,1757,1850,1931,2040,2149,2248,2357,2464,2575,2746,2845,2927"
                    },
                    "to": {
                        "startLines": "2,3,4,5,6,7,8,9,10,11,12,13,14,15,16,17,18,19,20,21,22,23,24,25,26,27,28,49",
                        "startColumns": "4,4,4,4,4,4,4,4,4,4,4,4,4,4,4,4,4,4,4,4,4,4,4,4,4,4,4,4",
                        "startOffsets": "105,214,312,422,508,614,738,824,906,998,1091,1187,1281,1383,1477,1573,1670,1762,1855,1936,2045,2154,2253,2362,2469,2580,2751,5867",
                        "endColumns": "108,97,109,85,105,123,85,81,91,92,95,93,101,93,95,96,91,92,80,108,108,98,108,106,110,170,98,81",
                        "endOffsets": "209,307,417,503,609,733,819,901,993,1086,1182,1276,1378,1472,1568,1665,1757,1850,1931,2040,2149,2248,2357,2464,2575,2746,2845,5944"
                    }
                },
                {
                    "source": "/Users/marcnguyen/.gradle/caches/transforms-2/files-2.1/75e7c473eccef2b3a0eec97fa3a7825b/jetified-play-services-base-17.1.0/res/values-eu/values.xml",
                    "from": {
                        "startLines": "4,5,6,7,8,9,10,11,12,13,14,15,16,17,18,19,20",
                        "startColumns": "0,0,0,0,0,0,0,0,0,0,0,0,0,0,0,0,0",
                        "startOffsets": "245,347,555,679,786,992,1117,1266,1398,1641,1747,1945,2073,2300,2485,2577,2668",
                        "endColumns": "101,207,123,106,205,124,148,131,242,105,197,127,226,184,91,90,113",
                        "endOffsets": "346,554,678,785,991,1116,1265,1397,1640,1746,1944,2072,2299,2484,2576,2667,2781"
                    },
                    "to": {
                        "startLines": "29,30,31,32,33,34,35,36,38,39,40,41,42,43,44,45,46",
                        "startColumns": "4,4,4,4,4,4,4,4,4,4,4,4,4,4,4,4,4",
                        "startOffsets": "2850,2956,3164,3292,3403,3609,3738,3891,4228,4471,4581,4779,4911,5138,5327,5423,5518",
                        "endColumns": "105,207,127,110,205,128,152,135,242,109,197,131,226,188,95,94,117",
                        "endOffsets": "2951,3159,3287,3398,3604,3733,3886,4022,4466,4576,4774,4906,5133,5322,5418,5513,5631"
                    }
                },
                {
                    "source": "/Users/marcnguyen/.gradle/caches/transforms-2/files-2.1/164bb505b81f338baa0db13edd04c1d1/jetified-play-services-basement-17.0.0/res/values-eu/values.xml",
                    "from": {
                        "startLines": "4",
                        "startColumns": "0",
                        "startOffsets": "247",
                        "endColumns": "200",
                        "endOffsets": "447"
                    },
                    "to": {
                        "startLines": "37",
                        "startColumns": "4",
                        "startOffsets": "4027",
                        "endColumns": "200",
                        "endOffsets": "4223"
                    }
                },
                {
                    "source": "/Users/marcnguyen/.gradle/caches/transforms-2/files-2.1/dc1096d7f866fa71b43709b75f47427d/navigation-ui-2.2.2/res/values-eu/values-eu.xml",
                    "from": {
                        "startLines": "2,3",
                        "startColumns": "4,4",
                        "startOffsets": "55,159",
                        "endColumns": "103,126",
                        "endOffsets": "154,281"
                    },
                    "to": {
                        "startLines": "47,48",
                        "startColumns": "4,4",
                        "startOffsets": "5636,5740",
                        "endColumns": "103,126",
                        "endOffsets": "5735,5862"
                    }
                },
                {
                    "source": "/Users/marcnguyen/.gradle/caches/transforms-2/files-2.1/bcfc0b80df78591183083cc148e1cf2c/core-1.1.0/res/values-eu/values-eu.xml",
                    "from": {
                        "startLines": "2",
                        "startColumns": "4",
                        "startOffsets": "55",
                        "endColumns": "100",
                        "endOffsets": "151"
                    },
                    "to": {
                        "startLines": "50",
                        "startColumns": "4",
                        "startOffsets": "5949",
                        "endColumns": "100",
                        "endOffsets": "6045"
                    }
                }
            ]
        }
    ]
}