{
    "logs": [
        {
            "outputFile": "/Users/marcnguyen/Downloads/SES3/app/build/intermediates/incremental/mergeDebugResources/merged.dir/values-or/values-or.xml",
            "map": [
                {
                    "source": "/Users/marcnguyen/.gradle/caches/transforms-2/files-2.1/bcfc0b80df78591183083cc148e1cf2c/core-1.1.0/res/values-or/values-or.xml",
                    "from": {
                        "startLines": "2",
                        "startColumns": "4",
                        "startOffsets": "55",
                        "endColumns": "100",
                        "endOffsets": "151"
                    },
                    "to": {
                        "startLines": "50",
                        "startColumns": "4",
                        "startOffsets": "5961",
                        "endColumns": "100",
                        "endOffsets": "6057"
                    }
                },
                {
                    "source": "/Users/marcnguyen/.gradle/caches/transforms-2/files-2.1/164bb505b81f338baa0db13edd04c1d1/jetified-play-services-basement-17.0.0/res/values-or/values.xml",
                    "from": {
                        "startLines": "4",
                        "startColumns": "0",
                        "startOffsets": "247",
                        "endColumns": "198",
                        "endOffsets": "445"
                    },
                    "to": {
                        "startLines": "37",
                        "startColumns": "4",
                        "startOffsets": "4053",
                        "endColumns": "198",
                        "endOffsets": "4247"
                    }
                },
                {
                    "source": "/Users/marcnguyen/.gradle/caches/transforms-2/files-2.1/dc1096d7f866fa71b43709b75f47427d/navigation-ui-2.2.2/res/values-or/values-or.xml",
                    "from": {
                        "startLines": "2,3",
                        "startColumns": "4,4",
                        "startOffsets": "55,172",
                        "endColumns": "116,120",
                        "endOffsets": "167,288"
                    },
                    "to": {
                        "startLines": "47,48",
                        "startColumns": "4,4",
                        "startOffsets": "5634,5751",
                        "endColumns": "116,120",
                        "endOffsets": "5746,5867"
                    }
                },
                {
                    "source": "/Users/marcnguyen/.gradle/caches/transforms-2/files-2.1/75e7c473eccef2b3a0eec97fa3a7825b/jetified-play-services-base-17.1.0/res/values-or/values.xml",
                    "from": {
                        "startLines": "4,5,6,7,8,9,10,11,12,13,14,15,16,17,18,19,20",
                        "startColumns": "0,0,0,0,0,0,0,0,0,0,0,0,0,0,0,0,0",
                        "startOffsets": "245,354,547,678,793,1008,1142,1283,1418,1645,1756,1948,2080,2291,2475,2566,2664",
                        "endColumns": "108,192,130,114,214,133,140,134,226,110,191,131,210,183,90,97,111",
                        "endOffsets": "353,546,677,792,1007,1141,1282,1417,1644,1755,1947,2079,2290,2474,2565,2663,2775"
                    },
                    "to": {
                        "startLines": "29,30,31,32,33,34,35,36,38,39,40,41,42,43,44,45,46",
                        "startColumns": "4,4,4,4,4,4,4,4,4,4,4,4,4,4,4,4,4",
                        "startOffsets": "2856,2969,3162,3297,3416,3631,3769,3914,4252,4479,4594,4786,4922,5133,5321,5416,5518",
                        "endColumns": "112,192,134,118,214,137,144,138,226,114,191,135,210,187,94,101,115",
                        "endOffsets": "2964,3157,3292,3411,3626,3764,3909,4048,4474,4589,4781,4917,5128,5316,5411,5513,5629"
                    }
                },
                {
                    "source": "/Users/marcnguyen/.gradle/caches/transforms-2/files-2.1/6c5a1a33c151bf1b1b969a4997bc8337/appcompat-1.1.0/res/values-or/values-or.xml",
                    "from": {
                        "startLines": "2,3,4,5,6,7,8,9,10,11,12,13,14,15,16,17,18,19,20,21,22,23,24,25,26,27,28,29",
                        "startColumns": "4,4,4,4,4,4,4,4,4,4,4,4,4,4,4,4,4,4,4,4,4,4,4,4,4,4,4,4",
                        "startOffsets": "105,224,334,441,527,631,751,829,906,997,1089,1185,1280,1381,1474,1569,1665,1756,1846,1934,2044,2148,2254,2365,2469,2587,2750,2856",
                        "endColumns": "118,109,106,85,103,119,77,76,90,91,95,94,100,92,94,95,90,89,87,109,103,105,110,103,117,162,105,88",
                        "endOffsets": "219,329,436,522,626,746,824,901,992,1084,1180,1275,1376,1469,1564,1660,1751,1841,1929,2039,2143,2249,2360,2464,2582,2745,2851,2940"
                    },
                    "to": {
                        "startLines": "2,3,4,5,6,7,8,9,10,11,12,13,14,15,16,17,18,19,20,21,22,23,24,25,26,27,28,49",
                        "startColumns": "4,4,4,4,4,4,4,4,4,4,4,4,4,4,4,4,4,4,4,4,4,4,4,4,4,4,4,4",
                        "startOffsets": "105,224,334,441,527,631,751,829,906,997,1089,1185,1280,1381,1474,1569,1665,1756,1846,1934,2044,2148,2254,2365,2469,2587,2750,5872",
                        "endColumns": "118,109,106,85,103,119,77,76,90,91,95,94,100,92,94,95,90,89,87,109,103,105,110,103,117,162,105,88",
                        "endOffsets": "219,329,436,522,626,746,824,901,992,1084,1180,1275,1376,1469,1564,1660,1751,1841,1929,2039,2143,2249,2360,2464,2582,2745,2851,5956"
                    }
                }
            ]
        }
    ]
}