{
    "logs": [
        {
            "outputFile": "/Users/marcnguyen/Downloads/SES3/app/build/intermediates/incremental/mergeDebugResources/merged.dir/values-lv/values-lv.xml",
            "map": [
                {
                    "source": "/Users/marcnguyen/.gradle/caches/transforms-2/files-2.1/164bb505b81f338baa0db13edd04c1d1/jetified-play-services-basement-17.0.0/res/values-lv/values.xml",
                    "from": {
                        "startLines": "4",
                        "startColumns": "0",
                        "startOffsets": "247",
                        "endColumns": "224",
                        "endOffsets": "471"
                    },
                    "to": {
                        "startLines": "37",
                        "startColumns": "4",
                        "startOffsets": "4152",
                        "endColumns": "224",
                        "endOffsets": "4372"
                    }
                },
                {
                    "source": "/Users/marcnguyen/.gradle/caches/transforms-2/files-2.1/dc1096d7f866fa71b43709b75f47427d/navigation-ui-2.2.2/res/values-lv/values-lv.xml",
                    "from": {
                        "startLines": "2,3",
                        "startColumns": "4,4",
                        "startOffsets": "55,169",
                        "endColumns": "113,122",
                        "endOffsets": "164,287"
                    },
                    "to": {
                        "startLines": "47,48",
                        "startColumns": "4,4",
                        "startOffsets": "5782,5896",
                        "endColumns": "113,122",
                        "endOffsets": "5891,6014"
                    }
                },
                {
                    "source": "/Users/marcnguyen/.gradle/caches/transforms-2/files-2.1/75e7c473eccef2b3a0eec97fa3a7825b/jetified-play-services-base-17.1.0/res/values-lv/values.xml",
                    "from": {
                        "startLines": "4,5,6,7,8,9,10,11,12,13,14,15,16,17,18,19,20",
                        "startColumns": "0,0,0,0,0,0,0,0,0,0,0,0,0,0,0,0,0",
                        "startOffsets": "245,350,543,674,780,981,1110,1253,1384,1618,1725,1925,2058,2286,2467,2557,2651",
                        "endColumns": "104,192,130,105,200,128,142,130,233,106,199,132,227,180,89,93,113",
                        "endOffsets": "349,542,673,779,980,1109,1252,1383,1617,1724,1924,2057,2285,2466,2556,2650,2764"
                    },
                    "to": {
                        "startLines": "29,30,31,32,33,34,35,36,38,39,40,41,42,43,44,45,46",
                        "startColumns": "4,4,4,4,4,4,4,4,4,4,4,4,4,4,4,4,4",
                        "startOffsets": "2989,3098,3291,3426,3536,3737,3870,4017,4377,4611,4722,4922,5059,5287,5472,5566,5664",
                        "endColumns": "108,192,134,109,200,132,146,134,233,110,199,136,227,184,93,97,117",
                        "endOffsets": "3093,3286,3421,3531,3732,3865,4012,4147,4606,4717,4917,5054,5282,5467,5561,5659,5777"
                    }
                },
                {
                    "source": "/Users/marcnguyen/.gradle/caches/transforms-2/files-2.1/bcfc0b80df78591183083cc148e1cf2c/core-1.1.0/res/values-lv/values-lv.xml",
                    "from": {
                        "startLines": "2",
                        "startColumns": "4",
                        "startOffsets": "55",
                        "endColumns": "100",
                        "endOffsets": "151"
                    },
                    "to": {
                        "startLines": "50",
                        "startColumns": "4",
                        "startOffsets": "6101",
                        "endColumns": "100",
                        "endOffsets": "6197"
                    }
                },
                {
                    "source": "/Users/marcnguyen/.gradle/caches/transforms-2/files-2.1/6c5a1a33c151bf1b1b969a4997bc8337/appcompat-1.1.0/res/values-lv/values-lv.xml",
                    "from": {
                        "startLines": "2,3,4,5,6,7,8,9,10,11,12,13,14,15,16,17,18,19,20,21,22,23,24,25,26,27,28,29",
                        "startColumns": "4,4,4,4,4,4,4,4,4,4,4,4,4,4,4,4,4,4,4,4,4,4,4,4,4,4,4,4",
                        "startOffsets": "105,225,335,444,530,634,756,838,919,1029,1136,1242,1351,1463,1566,1678,1785,1890,1990,2074,2183,2294,2393,2504,2611,2716,2890,2989",
                        "endColumns": "119,109,108,85,103,121,81,80,109,106,105,108,111,102,111,106,104,99,83,108,110,98,110,106,104,173,98,81",
                        "endOffsets": "220,330,439,525,629,751,833,914,1024,1131,1237,1346,1458,1561,1673,1780,1885,1985,2069,2178,2289,2388,2499,2606,2711,2885,2984,3066"
                    },
                    "to": {
                        "startLines": "2,3,4,5,6,7,8,9,10,11,12,13,14,15,16,17,18,19,20,21,22,23,24,25,26,27,28,49",
                        "startColumns": "4,4,4,4,4,4,4,4,4,4,4,4,4,4,4,4,4,4,4,4,4,4,4,4,4,4,4,4",
                        "startOffsets": "105,225,335,444,530,634,756,838,919,1029,1136,1242,1351,1463,1566,1678,1785,1890,1990,2074,2183,2294,2393,2504,2611,2716,2890,6019",
                        "endColumns": "119,109,108,85,103,121,81,80,109,106,105,108,111,102,111,106,104,99,83,108,110,98,110,106,104,173,98,81",
                        "endOffsets": "220,330,439,525,629,751,833,914,1024,1131,1237,1346,1458,1561,1673,1780,1885,1985,2069,2178,2289,2388,2499,2606,2711,2885,2984,6096"
                    }
                }
            ]
        }
    ]
}