{
    "logs": [
        {
            "outputFile": "/Users/marcnguyen/Downloads/SES3/app/build/intermediates/incremental/mergeDebugResources/merged.dir/values-sl/values-sl.xml",
            "map": [
                {
                    "source": "/Users/marcnguyen/.gradle/caches/transforms-2/files-2.1/164bb505b81f338baa0db13edd04c1d1/jetified-play-services-basement-17.0.0/res/values-sl/values.xml",
                    "from": {
                        "startLines": "4",
                        "startColumns": "0",
                        "startOffsets": "247",
                        "endColumns": "198",
                        "endOffsets": "445"
                    },
                    "to": {
                        "startLines": "37",
                        "startColumns": "4",
                        "startOffsets": "4011",
                        "endColumns": "198",
                        "endOffsets": "4205"
                    }
                },
                {
                    "source": "/Users/marcnguyen/.gradle/caches/transforms-2/files-2.1/dc1096d7f866fa71b43709b75f47427d/navigation-ui-2.2.2/res/values-sl/values-sl.xml",
                    "from": {
                        "startLines": "2,3",
                        "startColumns": "4,4",
                        "startOffsets": "55,163",
                        "endColumns": "107,120",
                        "endOffsets": "158,279"
                    },
                    "to": {
                        "startLines": "47,48",
                        "startColumns": "4,4",
                        "startOffsets": "5564,5672",
                        "endColumns": "107,120",
                        "endOffsets": "5667,5788"
                    }
                },
                {
                    "source": "/Users/marcnguyen/.gradle/caches/transforms-2/files-2.1/75e7c473eccef2b3a0eec97fa3a7825b/jetified-play-services-base-17.1.0/res/values-sl/values.xml",
                    "from": {
                        "startLines": "4,5,6,7,8,9,10,11,12,13,14,15,16,17,18,19,20",
                        "startColumns": "0,0,0,0,0,0,0,0,0,0,0,0,0,0,0,0,0",
                        "startOffsets": "245,349,546,673,778,984,1112,1252,1381,1598,1703,1901,2029,2240,2418,2514,2602",
                        "endColumns": "103,196,126,104,205,127,139,128,216,104,197,127,210,177,95,87,108",
                        "endOffsets": "348,545,672,777,983,1111,1251,1380,1597,1702,1900,2028,2239,2417,2513,2601,2710"
                    },
                    "to": {
                        "startLines": "29,30,31,32,33,34,35,36,38,39,40,41,42,43,44,45,46",
                        "startColumns": "4,4,4,4,4,4,4,4,4,4,4,4,4,4,4,4,4",
                        "startOffsets": "2851,2959,3156,3287,3396,3602,3734,3878,4210,4427,4536,4734,4866,5077,5259,5359,5451",
                        "endColumns": "107,196,130,108,205,131,143,132,216,108,197,131,210,181,99,91,112",
                        "endOffsets": "2954,3151,3282,3391,3597,3729,3873,4006,4422,4531,4729,4861,5072,5254,5354,5446,5559"
                    }
                },
                {
                    "source": "/Users/marcnguyen/.gradle/caches/transforms-2/files-2.1/6c5a1a33c151bf1b1b969a4997bc8337/appcompat-1.1.0/res/values-sl/values-sl.xml",
                    "from": {
                        "startLines": "2,3,4,5,6,7,8,9,10,11,12,13,14,15,16,17,18,19,20,21,22,23,24,25,26,27,28,29",
                        "startColumns": "4,4,4,4,4,4,4,4,4,4,4,4,4,4,4,4,4,4,4,4,4,4,4,4,4,4,4,4",
                        "startOffsets": "105,217,319,427,514,617,736,817,896,988,1081,1176,1270,1366,1460,1556,1656,1748,1840,1923,2031,2139,2239,2352,2460,2568,2751,2851",
                        "endColumns": "111,101,107,86,102,118,80,78,91,92,94,93,95,93,95,99,91,91,82,107,107,99,112,107,107,182,99,82",
                        "endOffsets": "212,314,422,509,612,731,812,891,983,1076,1171,1265,1361,1455,1551,1651,1743,1835,1918,2026,2134,2234,2347,2455,2563,2746,2846,2929"
                    },
                    "to": {
                        "startLines": "2,3,4,5,6,7,8,9,10,11,12,13,14,15,16,17,18,19,20,21,22,23,24,25,26,27,28,49",
                        "startColumns": "4,4,4,4,4,4,4,4,4,4,4,4,4,4,4,4,4,4,4,4,4,4,4,4,4,4,4,4",
                        "startOffsets": "105,217,319,427,514,617,736,817,896,988,1081,1176,1270,1366,1460,1556,1656,1748,1840,1923,2031,2139,2239,2352,2460,2568,2751,5793",
                        "endColumns": "111,101,107,86,102,118,80,78,91,92,94,93,95,93,95,99,91,91,82,107,107,99,112,107,107,182,99,82",
                        "endOffsets": "212,314,422,509,612,731,812,891,983,1076,1171,1265,1361,1455,1551,1651,1743,1835,1918,2026,2134,2234,2347,2455,2563,2746,2846,5871"
                    }
                },
                {
                    "source": "/Users/marcnguyen/.gradle/caches/transforms-2/files-2.1/bcfc0b80df78591183083cc148e1cf2c/core-1.1.0/res/values-sl/values-sl.xml",
                    "from": {
                        "startLines": "2",
                        "startColumns": "4",
                        "startOffsets": "55",
                        "endColumns": "100",
                        "endOffsets": "151"
                    },
                    "to": {
                        "startLines": "50",
                        "startColumns": "4",
                        "startOffsets": "5876",
                        "endColumns": "100",
                        "endOffsets": "5972"
                    }
                }
            ]
        }
    ]
}