{
    "logs": [
        {
            "outputFile": "/Users/marcnguyen/Downloads/SES3/app/build/intermediates/incremental/mergeDebugResources/merged.dir/values-nb/values-nb.xml",
            "map": [
                {
                    "source": "/Users/marcnguyen/.gradle/caches/transforms-2/files-2.1/164bb505b81f338baa0db13edd04c1d1/jetified-play-services-basement-17.0.0/res/values-nb/values.xml",
                    "from": {
                        "startLines": "4",
                        "startColumns": "0",
                        "startOffsets": "247",
                        "endColumns": "188",
                        "endOffsets": "435"
                    },
                    "to": {
                        "startLines": "37",
                        "startColumns": "4",
                        "startOffsets": "3903",
                        "endColumns": "188",
                        "endOffsets": "4087"
                    }
                },
                {
                    "source": "/Users/marcnguyen/.gradle/caches/transforms-2/files-2.1/bcfc0b80df78591183083cc148e1cf2c/core-1.1.0/res/values-nb/values-nb.xml",
                    "from": {
                        "startLines": "2",
                        "startColumns": "4",
                        "startOffsets": "55",
                        "endColumns": "100",
                        "endOffsets": "151"
                    },
                    "to": {
                        "startLines": "59",
                        "startColumns": "4",
                        "startOffsets": "6372",
                        "endColumns": "100",
                        "endOffsets": "6468"
                    }
                },
                {
                    "source": "/Users/marcnguyen/.gradle/caches/transforms-2/files-2.1/6c5a1a33c151bf1b1b969a4997bc8337/appcompat-1.1.0/res/values-nb/values-nb.xml",
                    "from": {
                        "startLines": "2,3,4,5,6,7,8,9,10,11,12,13,14,15,16,17,18,19,20,21,22,23,24,25,26,27,28,29",
                        "startColumns": "4,4,4,4,4,4,4,4,4,4,4,4,4,4,4,4,4,4,4,4,4,4,4,4,4,4,4,4",
                        "startOffsets": "105,208,303,417,503,603,716,793,869,960,1052,1146,1240,1341,1434,1529,1627,1718,1809,1886,1989,2087,2183,2287,2386,2487,2640,2737",
                        "endColumns": "102,94,113,85,99,112,76,75,90,91,93,93,100,92,94,97,90,90,76,102,97,95,103,98,100,152,96,78",
                        "endOffsets": "203,298,412,498,598,711,788,864,955,1047,1141,1235,1336,1429,1524,1622,1713,1804,1881,1984,2082,2178,2282,2381,2482,2635,2732,2811"
                    },
                    "to": {
                        "startLines": "2,3,4,5,6,7,8,9,10,11,12,13,14,15,16,17,18,19,20,21,22,23,24,25,26,27,28,58",
                        "startColumns": "4,4,4,4,4,4,4,4,4,4,4,4,4,4,4,4,4,4,4,4,4,4,4,4,4,4,4,4",
                        "startOffsets": "105,208,303,417,503,603,716,793,869,960,1052,1146,1240,1341,1434,1529,1627,1718,1809,1886,1989,2087,2183,2287,2386,2487,2640,6293",
                        "endColumns": "102,94,113,85,99,112,76,75,90,91,93,93,100,92,94,97,90,90,76,102,97,95,103,98,100,152,96,78",
                        "endOffsets": "203,298,412,498,598,711,788,864,955,1047,1141,1235,1336,1429,1524,1622,1713,1804,1881,1984,2082,2178,2282,2381,2482,2635,2732,6367"
                    }
                },
                {
                    "source": "/Users/marcnguyen/.gradle/caches/transforms-2/files-2.1/c10a25150d21e57e35afe38f90f6ccd9/jetified-android-image-cropper-2.8.0/res/values-nb/values-nb.xml",
                    "from": {
                        "startLines": "2,3,4,5,6,7,8,9,10",
                        "startColumns": "4,4,4,4,4,4,4,4,4",
                        "startOffsets": "55,164,211,268,322,398,472,555,618",
                        "endColumns": "108,46,56,53,75,73,82,62,70",
                        "endOffsets": "159,206,263,317,393,467,550,613,684"
                    },
                    "to": {
                        "startLines": "47,48,49,50,51,52,53,54,57",
                        "startColumns": "4,4,4,4,4,4,4,4,4",
                        "startOffsets": "5439,5548,5595,5652,5706,5782,5856,5939,6222",
                        "endColumns": "108,46,56,53,75,73,82,62,70",
                        "endOffsets": "5543,5590,5647,5701,5777,5851,5934,5997,6288"
                    }
                },
                {
                    "source": "/Users/marcnguyen/.gradle/caches/transforms-2/files-2.1/75e7c473eccef2b3a0eec97fa3a7825b/jetified-play-services-base-17.1.0/res/values-nb/values.xml",
                    "from": {
                        "startLines": "4,5,6,7,8,9,10,11,12,13,14,15,16,17,18,19,20",
                        "startColumns": "0,0,0,0,0,0,0,0,0,0,0,0,0,0,0,0,0",
                        "startOffsets": "245,348,539,663,770,985,1113,1259,1387,1600,1705,1897,2023,2224,2426,2519,2607",
                        "endColumns": "102,190,123,106,214,127,145,127,212,104,191,125,200,201,92,87,102",
                        "endOffsets": "347,538,662,769,984,1112,1258,1386,1599,1704,1896,2022,2223,2425,2518,2606,2709"
                    },
                    "to": {
                        "startLines": "29,30,31,32,33,34,35,36,38,39,40,41,42,43,44,45,46",
                        "startColumns": "4,4,4,4,4,4,4,4,4,4,4,4,4,4,4,4,4",
                        "startOffsets": "2737,2844,3035,3163,3274,3489,3621,3771,4092,4305,4414,4606,4736,4937,5143,5240,5332",
                        "endColumns": "106,190,127,110,214,131,149,131,212,108,191,129,200,205,96,91,106",
                        "endOffsets": "2839,3030,3158,3269,3484,3616,3766,3898,4300,4409,4601,4731,4932,5138,5235,5327,5434"
                    }
                },
                {
                    "source": "/Users/marcnguyen/.gradle/caches/transforms-2/files-2.1/dc1096d7f866fa71b43709b75f47427d/navigation-ui-2.2.2/res/values-nb/values-nb.xml",
                    "from": {
                        "startLines": "2,3",
                        "startColumns": "4,4",
                        "startOffsets": "55,161",
                        "endColumns": "105,113",
                        "endOffsets": "156,270"
                    },
                    "to": {
                        "startLines": "55,56",
                        "startColumns": "4,4",
                        "startOffsets": "6002,6108",
                        "endColumns": "105,113",
                        "endOffsets": "6103,6217"
                    }
                }
            ]
        }
    ]
}