{
    "logs": [
        {
            "outputFile": "/Users/marcnguyen/Downloads/SES3/app/build/intermediates/incremental/mergeDebugResources/merged.dir/values-fr/values-fr.xml",
            "map": [
                {
                    "source": "/Users/marcnguyen/.gradle/caches/transforms-2/files-2.1/dc1096d7f866fa71b43709b75f47427d/navigation-ui-2.2.2/res/values-fr/values-fr.xml",
                    "from": {
                        "startLines": "2,3",
                        "startColumns": "4,4",
                        "startOffsets": "55,158",
                        "endColumns": "102,125",
                        "endOffsets": "153,279"
                    },
                    "to": {
                        "startLines": "55,56",
                        "startColumns": "4,4",
                        "startOffsets": "6337,6440",
                        "endColumns": "102,125",
                        "endOffsets": "6435,6561"
                    }
                },
                {
                    "source": "/Users/marcnguyen/.gradle/caches/transforms-2/files-2.1/bcfc0b80df78591183083cc148e1cf2c/core-1.1.0/res/values-fr/values-fr.xml",
                    "from": {
                        "startLines": "2",
                        "startColumns": "4",
                        "startOffsets": "55",
                        "endColumns": "100",
                        "endOffsets": "151"
                    },
                    "to": {
                        "startLines": "59",
                        "startColumns": "4",
                        "startOffsets": "6735",
                        "endColumns": "100",
                        "endOffsets": "6831"
                    }
                },
                {
                    "source": "/Users/marcnguyen/.gradle/caches/transforms-2/files-2.1/164bb505b81f338baa0db13edd04c1d1/jetified-play-services-basement-17.0.0/res/values-fr/values.xml",
                    "from": {
                        "startLines": "4",
                        "startColumns": "0",
                        "startOffsets": "247",
                        "endColumns": "223",
                        "endOffsets": "470"
                    },
                    "to": {
                        "startLines": "37",
                        "startColumns": "4",
                        "startOffsets": "4068",
                        "endColumns": "223",
                        "endOffsets": "4287"
                    }
                },
                {
                    "source": "/Users/marcnguyen/.gradle/caches/transforms-2/files-2.1/c10a25150d21e57e35afe38f90f6ccd9/jetified-android-image-cropper-2.8.0/res/values-fr/values-fr.xml",
                    "from": {
                        "startLines": "2,3,4,5,6,7,8,9,10",
                        "startColumns": "4,4,4,4,4,4,4,4,4",
                        "startOffsets": "55,165,212,276,335,423,507,580,654",
                        "endColumns": "109,46,63,58,87,83,72,73,82",
                        "endOffsets": "160,207,271,330,418,502,575,649,732"
                    },
                    "to": {
                        "startLines": "47,48,49,50,51,52,53,54,57",
                        "startColumns": "4,4,4,4,4,4,4,4,4",
                        "startOffsets": "5738,5848,5895,5959,6018,6106,6190,6263,6566",
                        "endColumns": "109,46,63,58,87,83,72,73,82",
                        "endOffsets": "5843,5890,5954,6013,6101,6185,6258,6332,6644"
                    }
                },
                {
                    "source": "/Users/marcnguyen/.gradle/caches/transforms-2/files-2.1/75e7c473eccef2b3a0eec97fa3a7825b/jetified-play-services-base-17.1.0/res/values-fr/values.xml",
                    "from": {
                        "startLines": "4,5,6,7,8,9,10,11,12,13,14,15,16,17,18,19,20",
                        "startColumns": "0,0,0,0,0,0,0,0,0,0,0,0,0,0,0,0,0",
                        "startOffsets": "245,349,561,689,796,1026,1157,1304,1442,1679,1789,2005,2139,2358,2563,2662,2755",
                        "endColumns": "103,211,127,106,229,130,146,137,236,109,215,133,218,204,98,92,108",
                        "endOffsets": "348,560,688,795,1025,1156,1303,1441,1678,1788,2004,2138,2357,2562,2661,2754,2863"
                    },
                    "to": {
                        "startLines": "29,30,31,32,33,34,35,36,38,39,40,41,42,43,44,45,46",
                        "startColumns": "4,4,4,4,4,4,4,4,4,4,4,4,4,4,4,4,4",
                        "startOffsets": "2847,2955,3167,3299,3410,3640,3775,3926,4292,4529,4643,4859,4997,5216,5425,5528,5625",
                        "endColumns": "107,211,131,110,229,134,150,141,236,113,215,137,218,208,102,96,112",
                        "endOffsets": "2950,3162,3294,3405,3635,3770,3921,4063,4524,4638,4854,4992,5211,5420,5523,5620,5733"
                    }
                },
                {
                    "source": "/Users/marcnguyen/.gradle/caches/transforms-2/files-2.1/6c5a1a33c151bf1b1b969a4997bc8337/appcompat-1.1.0/res/values-fr/values-fr.xml",
                    "from": {
                        "startLines": "2,3,4,5,6,7,8,9,10,11,12,13,14,15,16,17,18,19,20,21,22,23,24,25,26,27,28,29",
                        "startColumns": "4,4,4,4,4,4,4,4,4,4,4,4,4,4,4,4,4,4,4,4,4,4,4,4,4,4,4,4",
                        "startOffsets": "105,216,331,441,523,629,759,837,914,1005,1097,1195,1290,1391,1484,1577,1672,1763,1854,1939,2049,2160,2263,2374,2482,2589,2748,2847",
                        "endColumns": "110,114,109,81,105,129,77,76,90,91,97,94,100,92,92,94,90,90,84,109,110,102,110,107,106,158,98,85",
                        "endOffsets": "211,326,436,518,624,754,832,909,1000,1092,1190,1285,1386,1479,1572,1667,1758,1849,1934,2044,2155,2258,2369,2477,2584,2743,2842,2928"
                    },
                    "to": {
                        "startLines": "2,3,4,5,6,7,8,9,10,11,12,13,14,15,16,17,18,19,20,21,22,23,24,25,26,27,28,58",
                        "startColumns": "4,4,4,4,4,4,4,4,4,4,4,4,4,4,4,4,4,4,4,4,4,4,4,4,4,4,4,4",
                        "startOffsets": "105,216,331,441,523,629,759,837,914,1005,1097,1195,1290,1391,1484,1577,1672,1763,1854,1939,2049,2160,2263,2374,2482,2589,2748,6649",
                        "endColumns": "110,114,109,81,105,129,77,76,90,91,97,94,100,92,92,94,90,90,84,109,110,102,110,107,106,158,98,85",
                        "endOffsets": "211,326,436,518,624,754,832,909,1000,1092,1190,1285,1386,1479,1572,1667,1758,1849,1934,2044,2155,2258,2369,2477,2584,2743,2842,6730"
                    }
                }
            ]
        }
    ]
}